<?xml version="1.0" encoding="ISO-8859-1" standalone="no"?>
<TOC>
  <ENTRY HREF="index.html">
    <TITLE>What's New in jEdit 4.3</TITLE>
    <ENTRY HREF="preface.html">
      <TITLE>Preface</TITLE>
    </ENTRY>
    <ENTRY HREF="acknowledgements.html">
      <TITLE>Acknowledgements</TITLE>
    </ENTRY>
    <ENTRY HREF="compatibility.html">
      <TITLE>Java Compatibility</TITLE>
    </ENTRY>
    <ENTRY HREF="user-changes.html">
      <TITLE>User-Visible Changes</TITLE>
      <ENTRY HREF="readded.html">
        <TITLE>Re-added Features</TITLE>
      </ENTRY>
      <ENTRY HREF="plugin-manager.html">
        <TITLE>Plugin Manager</TITLE>
      </ENTRY>
      <ENTRY HREF="editing.html">
        <TITLE>Text Editing</TITLE>
      </ENTRY>
      <ENTRY HREF="syntax.html">
        <TITLE>Syntax Highlighting</TITLE>
      </ENTRY>
      <ENTRY HREF="regexp-changes.html">
        <TITLE>Regular Expressions</TITLE>
      </ENTRY>
      <ENTRY HREF="search.html">
        <TITLE>Search and Replace</TITLE>
      </ENTRY>
      <ENTRY HREF="encodings.html">
        <TITLE>Handling of Multiple Encodings</TITLE>
      </ENTRY>
      <ENTRY HREF="vfs.browser.html">
        <TITLE>File System Browser</TITLE>
      </ENTRY>
      <ENTRY HREF="bundled-macros.html">
        <TITLE>Bundled Macros</TITLE>
      </ENTRY>
    </ENTRY>
    <ENTRY HREF="api-changes.html">
      <TITLE>API Changes</TITLE>
      <ENTRY HREF="buffervsjeditbuffer.html">
        <TITLE>Buffer vs jEditBuffer</TITLE>
      </ENTRY>
      <ENTRY HREF="api-plugins.html">
        <TITLE>Plugin API changes</TITLE>
      </ENTRY>
      <ENTRY HREF="dockable-interface.html">
        <TITLE>Dockable Interface</TITLE>
      </ENTRY>
    </ENTRY>
    <ENTRY HREF="new-plugins.html">
      <TITLE>The core plugins</TITLE>
    </ENTRY>
    <ENTRY HREF="futureplans.html">
      <TITLE>Future Plans</TITLE>
    </ENTRY>
  </ENTRY>
</TOC>
