<?xml version="1.0"?>

<!DOCTYPE MODE SYSTEM "xmode.dtd">

<MODE>
	<!-- Created by Matthew J. Price (Matt@SoWaky.com) -->
	<PROPS>
		<PROPERTY NAME="blockComment" VALUE="&amp;&amp;" />
		<!-- Auto indent -->
		<PROPERTY NAME="indentNextLine"
			VALUE="\s*(((if|do\swhile|do\scase|try)\s*\(|else\s*|elseif\s*\|case|catch(|for\s*\(.*\))[^{;]*)" />

		<PROPERTY NAME="lineComment" VALUE="&amp;&amp;" />
	</PROPS>

	<RULES IGNORE_CASE="TRUE" HIGHLIGHT_DIGITS="TRUE">
		<!-- String Literals -->
		<SPAN TYPE="LITERAL1" NO_LINE_BREAK="TRUE">
			<BEGIN>"</BEGIN>
			<END>"</END>
		</SPAN>
		<SPAN TYPE="LITERAL1" NO_LINE_BREAK="TRUE">
			<BEGIN>'</BEGIN>
			<END>'</END>
		</SPAN>

		<!-- conditional compilation -->
		<EOL_SPAN TYPE="KEYWORD2">#if</EOL_SPAN>
		<EOL_SPAN TYPE="KEYWORD2">#else</EOL_SPAN>
		<EOL_SPAN TYPE="KEYWORD2">#end</EOL_SPAN>
		<EOL_SPAN TYPE="KEYWORD2">#define</EOL_SPAN>
		<EOL_SPAN TYPE="KEYWORD2">#include</EOL_SPAN>
		<EOL_SPAN TYPE="KEYWORD2">#Elif</EOL_SPAN>
		<EOL_SPAN TYPE="KEYWORD2">#Else</EOL_SPAN>
		<EOL_SPAN TYPE="KEYWORD2">#Endif</EOL_SPAN>
		<EOL_SPAN TYPE="KEYWORD2">#If</EOL_SPAN>
		<EOL_SPAN TYPE="KEYWORD2">#Itsexpression</EOL_SPAN>
		<EOL_SPAN TYPE="KEYWORD2">#Readclauses</EOL_SPAN>
		<EOL_SPAN TYPE="KEYWORD2">#Region</EOL_SPAN>
		<EOL_SPAN TYPE="KEYWORD2">#Section</EOL_SPAN>
		<EOL_SPAN TYPE="KEYWORD2">#Undef</EOL_SPAN>
		<EOL_SPAN TYPE="KEYWORD2">#Wname</EOL_SPAN>

		<!-- Comments -->
		<EOL_SPAN TYPE="COMMENT1" AT_LINE_START="FALSE">&amp;&amp;</EOL_SPAN>
		<EOL_SPAN TYPE="COMMENT1" AT_WHITESPACE_END="TRUE">*</EOL_SPAN>

		<!-- Comparison operators -->
		<SEQ TYPE="OPERATOR">&lt;</SEQ>
		<SEQ TYPE="OPERATOR">&lt;=</SEQ>
		<SEQ TYPE="OPERATOR">&gt;=</SEQ>
		<SEQ TYPE="OPERATOR">&gt;</SEQ>
		<SEQ TYPE="OPERATOR">=</SEQ>
		<SEQ TYPE="OPERATOR">&lt;&gt;</SEQ>
		<SEQ TYPE="OPERATOR">.</SEQ>
		<!-- See in keywords: is -->

		<!-- Arithmetic operators -->
		<SEQ TYPE="OPERATOR">+</SEQ>
		<SEQ TYPE="OPERATOR">-</SEQ>
		<SEQ TYPE="OPERATOR">*</SEQ>
		<SEQ TYPE="OPERATOR">/</SEQ>
		<SEQ TYPE="OPERATOR">\</SEQ>
		<!-- See in keywords: mod -->
		<SEQ TYPE="OPERATOR">^</SEQ>

		<!-- Concatenation operators -->
		<SEQ TYPE="OPERATOR">+</SEQ>

		<!-- Logical operators -->
		<!-- See in keywords: and, or, not, xor, eqv -->

		<!-- EOL Continuation -->
		<!-- <SEQ TYPE="NULL">_</SEQ>-->
		<!-- Instruction separator -->
		<MARK_PREVIOUS TYPE="LABEL" MATCH_TYPE="OPERATOR"
			AT_LINE_START="TRUE">:</MARK_PREVIOUS>

		<KEYWORDS>
			<FUNCTION>Function</FUNCTION>
			<FUNCTION>Procedure</FUNCTION>
			<FUNCTION>EndFunc</FUNCTION>
			<FUNCTION>EndProc</FUNCTION>

			<!-- Conditional Statements -->
			<KEYWORD3>if</KEYWORD3>
			<KEYWORD3>then</KEYWORD3>
			<KEYWORD3>else</KEYWORD3>
			<KEYWORD3>elseif</KEYWORD3>
			<KEYWORD3>select</KEYWORD3>
			<KEYWORD3>case</KEYWORD3>

			<!-- Loop Statements -->
			<!-- For..Next -->
			<KEYWORD3>for</KEYWORD3>
			<KEYWORD3>to</KEYWORD3>
			<KEYWORD3>step</KEYWORD3>
			<KEYWORD3>next</KEYWORD3>
			<!-- For Each..Next -->
			<KEYWORD3>each</KEYWORD3>
			<KEYWORD3>in</KEYWORD3>
			<!-- Do..Loop -->
			<KEYWORD3>do</KEYWORD3>
			<KEYWORD3>while</KEYWORD3>
			<KEYWORD3>until</KEYWORD3>
			<KEYWORD3>loop</KEYWORD3>
			<!-- While..Wend -->
			<KEYWORD3>wend</KEYWORD3>

			<!-- Closing, Exit Statements -->
			<KEYWORD3>exit</KEYWORD3>
			<KEYWORD3>end</KEYWORD3>
			<KEYWORD3>endif</KEYWORD3>

			<!-- Methods, Functions, Class, Properties, Variables -->
			<KEYWORD3>class</KEYWORD3>
			<KEYWORD3>property</KEYWORD3>
			<KEYWORD3>get</KEYWORD3>
			<KEYWORD3>let</KEYWORD3>
			<KEYWORD3>set</KEYWORD3>

			<!-- Parameters passing -->
			<KEYWORD3>byval</KEYWORD3>
			<KEYWORD3>byref</KEYWORD3>

			<!-- Declaration -->
			<KEYWORD3>const</KEYWORD3>
			<KEYWORD3>dim</KEYWORD3>
			<KEYWORD3>redim</KEYWORD3>
			<KEYWORD3>preserve</KEYWORD3>
			<KEYWORD3>as</KEYWORD3>

			<!-- Object Assignement/Instantiation -->
			<KEYWORD3>set</KEYWORD3>
			<KEYWORD3>with</KEYWORD3>
			<KEYWORD3>new</KEYWORD3>

			<!-- Visibility -->
			<KEYWORD3>public</KEYWORD3>
			<KEYWORD3>default</KEYWORD3>
			<KEYWORD3>private</KEYWORD3>

			<!-- Comments -->
			<KEYWORD3>rem</KEYWORD3>

			<!-- Function Call - Dynamic Evaluation -->
			<KEYWORD3>call</KEYWORD3>
			<KEYWORD3>execute</KEYWORD3>
			<KEYWORD3>eval</KEYWORD3>

			<!-- Miscellaneous -->
			<KEYWORD3>on</KEYWORD3>
			<KEYWORD3>error</KEYWORD3>
			<KEYWORD3>goto</KEYWORD3>
			<KEYWORD3>resume</KEYWORD3>
			<KEYWORD3>option</KEYWORD3>
			<KEYWORD3>explicit</KEYWORD3>
			<KEYWORD3>erase</KEYWORD3>
			<KEYWORD3>randomize</KEYWORD3>

			<!-- Operators -->
			<!-- Comparison operators -->
			<OPERATOR>is</OPERATOR>
			<!-- Arithmetic operators -->
			<OPERATOR>mod</OPERATOR>
			<!-- Logical operators -->
			<OPERATOR>and</OPERATOR>
			<OPERATOR>or</OPERATOR>
			<OPERATOR>not</OPERATOR>
			<OPERATOR>xor</OPERATOR>
			<OPERATOR>imp</OPERATOR>
			<OPERATOR>?</OPERATOR>

			<!-- Datatypes Constants/Literals -->
			<KEYWORD3>false</KEYWORD3>
			<KEYWORD3>true</KEYWORD3>
			<KEYWORD3>empty</KEYWORD3>
			<KEYWORD3>nothing</KEYWORD3>
			<KEYWORD3>null</KEYWORD3>

			<!-- FoxPro's Methods -->
			<KEYWORD3>Activate</KEYWORD3>
			<KEYWORD3>ActivateCell</KEYWORD3>
			<KEYWORD3>AddColumn</KEYWORD3>
			<KEYWORD3>AddItem</KEYWORD3>
			<KEYWORD3>AddListItem</KEYWORD3>
			<KEYWORD3>AddObject</KEYWORD3>
			<KEYWORD3>AfterCloseTables</KEYWORD3>
			<KEYWORD3>AfterDock</KEYWORD3>
			<KEYWORD3>AfterRowColChange</KEYWORD3>
			<KEYWORD3>BeforeDock</KEYWORD3>
			<KEYWORD3>BeforeOpenTables</KEYWORD3>
			<KEYWORD3>BeforeRowColChange</KEYWORD3>
			<KEYWORD3>Box</KEYWORD3>
			<KEYWORD3>Circle</KEYWORD3>
			<KEYWORD3>Clear</KEYWORD3>
			<KEYWORD3>Click</KEYWORD3>
			<KEYWORD3>CloneObject</KEYWORD3>
			<KEYWORD3>CloseEditor</KEYWORD3>
			<KEYWORD3>CloseTables</KEYWORD3>
			<KEYWORD3>Cls</KEYWORD3>
			<KEYWORD3>DblClick</KEYWORD3>
			<KEYWORD3>Deactivate</KEYWORD3>
			<KEYWORD3>Delete</KEYWORD3>
			<KEYWORD3>DeleteColumn</KEYWORD3>
			<KEYWORD3>Deleted</KEYWORD3>
			<KEYWORD3>Destroy</KEYWORD3>
			<KEYWORD3>Dock</KEYWORD3>
			<KEYWORD3>DoScroll</KEYWORD3>
			<KEYWORD3>DoVerb</KEYWORD3>
			<KEYWORD3>DownClick</KEYWORD3>
			<KEYWORD3>Drag</KEYWORD3>
			<KEYWORD3>DragDrop</KEYWORD3>
			<KEYWORD3>DragOver</KEYWORD3>
			<KEYWORD3>Draw</KEYWORD3>
			<KEYWORD3>DropDown</KEYWORD3>
			<KEYWORD3>Error</KEYWORD3>
			<KEYWORD3>ErrorMessage</KEYWORD3>
			<KEYWORD3>FormatChange</KEYWORD3>
			<KEYWORD3>GotFocus</KEYWORD3>
			<KEYWORD3>Hide</KEYWORD3>
			<KEYWORD3>IndexToItemId</KEYWORD3>
			<KEYWORD3>Init</KEYWORD3>
			<KEYWORD3>InteractiveChange</KEYWORD3>
			<KEYWORD3>ItemIdToIndex</KEYWORD3>
			<KEYWORD3>KeyPress</KEYWORD3>
			<KEYWORD3>Line</KEYWORD3>
			<KEYWORD3>Load</KEYWORD3>
			<KEYWORD3>LostFocus</KEYWORD3>
			<KEYWORD3>Message</KEYWORD3>
			<KEYWORD3>MouseDown</KEYWORD3>
			<KEYWORD3>MouseMove</KEYWORD3>
			<KEYWORD3>MouseUp</KEYWORD3>
			<KEYWORD3>Move</KEYWORD3>
			<KEYWORD3>Moved</KEYWORD3>
			<KEYWORD3>OpenEditor</KEYWORD3>
			<KEYWORD3>OpenTables</KEYWORD3>
			<KEYWORD3>Paint</KEYWORD3>
			<KEYWORD3>Point</KEYWORD3>
			<KEYWORD3>Print</KEYWORD3>
			<KEYWORD3>ProgrammaticChange</KEYWORD3>
			<KEYWORD3>PSet</KEYWORD3>
			<KEYWORD3>QueryUnload</KEYWORD3>
			<KEYWORD3>RangeHigh</KEYWORD3>
			<KEYWORD3>RangeLow</KEYWORD3>
			<KEYWORD3>ReadActivate</KEYWORD3>
			<KEYWORD3>ReadDeactivate</KEYWORD3>
			<KEYWORD3>ReadExpression</KEYWORD3>
			<KEYWORD3>ReadMethod</KEYWORD3>
			<KEYWORD3>ReadShow</KEYWORD3>
			<KEYWORD3>ReadValid</KEYWORD3>
			<KEYWORD3>ReadWhen</KEYWORD3>
			<KEYWORD3>Refresh</KEYWORD3>
			<KEYWORD3>Release</KEYWORD3>
			<KEYWORD3>RemoveItem</KEYWORD3>
			<KEYWORD3>RemoveListItem</KEYWORD3>
			<KEYWORD3>RemoveObject</KEYWORD3>
			<KEYWORD3>Requery</KEYWORD3>
			<KEYWORD3>Reset</KEYWORD3>
			<KEYWORD3>Resize</KEYWORD3>
			<KEYWORD3>RightClick</KEYWORD3>
			<KEYWORD3>SaveAs</KEYWORD3>
			<KEYWORD3>SaveAsClass</KEYWORD3>
			<KEYWORD3>Scrolled</KEYWORD3>
			<KEYWORD3>SetAll</KEYWORD3>
			<KEYWORD3>SetFocus</KEYWORD3>
			<KEYWORD3>Show</KEYWORD3>
			<KEYWORD3>TextHeight</KEYWORD3>
			<KEYWORD3>TextWidth</KEYWORD3>
			<KEYWORD3>Timer</KEYWORD3>
			<KEYWORD3>UIEnable</KEYWORD3>
			<KEYWORD3>UnDock</KEYWORD3>
			<KEYWORD3>Unload</KEYWORD3>
			<KEYWORD3>UpClick</KEYWORD3>
			<KEYWORD3>Valid</KEYWORD3>
			<KEYWORD3>When</KEYWORD3>
			<KEYWORD3>WriteExpression</KEYWORD3>
			<KEYWORD3>WriteMethod</KEYWORD3>
			<KEYWORD3>ZOrder</KEYWORD3>
			<KEYWORD3>DataToClip</KEYWORD3>
			<KEYWORD3>DoCmd</KEYWORD3>
			<KEYWORD3>MiddleClick</KEYWORD3>
			<KEYWORD3>MouseWheel</KEYWORD3>
			<KEYWORD3>RequestData</KEYWORD3>
			<KEYWORD3>SetVar</KEYWORD3>
			<KEYWORD3>ShowWhatsThis</KEYWORD3>
			<KEYWORD3>WhatsThisMode</KEYWORD3>
			<KEYWORD3>AddProperty</KEYWORD3>
			<KEYWORD3>NewObject</KEYWORD3>
			<KEYWORD3>CommandTargetExec</KEYWORD3>
			<KEYWORD3>CommandTargetQueryStas</KEYWORD3>
			<KEYWORD3>ContainerRelease</KEYWORD3>
			<KEYWORD3>EnterFocus</KEYWORD3>
			<KEYWORD3>ExitFocus</KEYWORD3>
			<KEYWORD3>HideDoc</KEYWORD3>
			<KEYWORD3>Run</KEYWORD3>
			<KEYWORD3>ShowDoc</KEYWORD3>
			<KEYWORD3>ClearData</KEYWORD3>
			<KEYWORD3>GetData</KEYWORD3>
			<KEYWORD3>GetFormat</KEYWORD3>
			<KEYWORD3>SetData</KEYWORD3>
			<KEYWORD3>SetFormat</KEYWORD3>
			<KEYWORD3>OLECompleteDrag</KEYWORD3>
			<KEYWORD3>OLEGiveFeedback</KEYWORD3>
			<KEYWORD3>OLESetData</KEYWORD3>
			<KEYWORD3>OLEStartDrag</KEYWORD3>
			<KEYWORD3>OLEDrag</KEYWORD3>
			<KEYWORD3>OLEDragDrop</KEYWORD3>
			<KEYWORD3>OLEDragOver</KEYWORD3>
			<KEYWORD3>SetMain</KEYWORD3>
			<KEYWORD3>AfterBuild</KEYWORD3>
			<KEYWORD3>BeforeBuild</KEYWORD3>
			<KEYWORD3>QueryAddFile</KEYWORD3>
			<KEYWORD3>QueryModifyFile</KEYWORD3>
			<KEYWORD3>QueryRemoveFile</KEYWORD3>
			<KEYWORD3>QueryRunFile</KEYWORD3>
			<KEYWORD3>Add</KEYWORD3>
			<KEYWORD3>AddToSCC</KEYWORD3>
			<KEYWORD3>CheckIn</KEYWORD3>
			<KEYWORD3>CheckOut</KEYWORD3>
			<KEYWORD3>GetLatestVersion</KEYWORD3>
			<KEYWORD3>RemoveFromSCC</KEYWORD3>
			<KEYWORD3>UndoCheckOut</KEYWORD3>
			<KEYWORD3>Modify</KEYWORD3>

			<!-- FoxPro's Properties -->
			<KEYWORD3>Accelerate</KEYWORD3>
			<KEYWORD3>ActiveColumn</KEYWORD3>
			<KEYWORD3>ActiveControl</KEYWORD3>
			<KEYWORD3>ActiveForm</KEYWORD3>
			<KEYWORD3>ActiveObjectId</KEYWORD3>
			<KEYWORD3>ActivePage</KEYWORD3>
			<KEYWORD3>ActiveRow</KEYWORD3>
			<KEYWORD3>Alias</KEYWORD3>
			<KEYWORD3>Alignment</KEYWORD3>
			<KEYWORD3>AllowResize</KEYWORD3>
			<KEYWORD3>AllowTabs</KEYWORD3>
			<KEYWORD3>AlwaysOnTop</KEYWORD3>
			<KEYWORD3>ATGetColors</KEYWORD3>
			<KEYWORD3>ATListColors</KEYWORD3>
			<KEYWORD3>AutoActivate</KEYWORD3>
			<KEYWORD3>AutoCenter</KEYWORD3>
			<KEYWORD3>AutoCloseTables</KEYWORD3>
			<KEYWORD3>AutoOpenTables</KEYWORD3>
			<KEYWORD3>AutoRelease</KEYWORD3>
			<KEYWORD3>AutoSize</KEYWORD3>
			<KEYWORD3>AvailNum</KEYWORD3>
			<KEYWORD3>BackColor</KEYWORD3>
			<KEYWORD3>BackStyle</KEYWORD3>
			<KEYWORD3>BaseClass</KEYWORD3>
			<KEYWORD3>BorderColor</KEYWORD3>
			<KEYWORD3>BorderStyle</KEYWORD3>
			<KEYWORD3>BorderWidth</KEYWORD3>
			<KEYWORD3>Bound</KEYWORD3>
			<KEYWORD3>BoundColumn</KEYWORD3>
			<KEYWORD3>BrowseAlignment</KEYWORD3>
			<KEYWORD3>BrowseCellMarg</KEYWORD3>
			<KEYWORD3>BrowseDestWidth</KEYWORD3>
			<KEYWORD3>BufferMode</KEYWORD3>
			<KEYWORD3>BufferModeOverride</KEYWORD3>
			<KEYWORD3>ButtonCount</KEYWORD3>
			<KEYWORD3>ButtonIndex</KEYWORD3>
			<KEYWORD3>Buttons</KEYWORD3>
			<KEYWORD3>CanAccelerate</KEYWORD3>
			<KEYWORD3>Cancel</KEYWORD3>
			<KEYWORD3>CanGetFocus</KEYWORD3>
			<KEYWORD3>CanLoseFocus</KEYWORD3>
			<KEYWORD3>Caption</KEYWORD3>
			<KEYWORD3>ChildAlias</KEYWORD3>
			<KEYWORD3>ChildOrder</KEYWORD3>
			<KEYWORD3>Class</KEYWORD3>
			<KEYWORD3>ClassLibrary</KEYWORD3>
			<KEYWORD3>ClipControls</KEYWORD3>
			<KEYWORD3>ClipRect</KEYWORD3>
			<KEYWORD3>Closable</KEYWORD3>
			<KEYWORD3>ColorScheme</KEYWORD3>
			<KEYWORD3>ColorSource</KEYWORD3>
			<KEYWORD3>ColumnCount</KEYWORD3>
			<KEYWORD3>ColumnHeaders</KEYWORD3>
			<KEYWORD3>ColumnLines</KEYWORD3>
			<KEYWORD3>ColumnOrder</KEYWORD3>
			<KEYWORD3>Columns</KEYWORD3>
			<KEYWORD3>ColumnWidths</KEYWORD3>
			<KEYWORD3>Comment</KEYWORD3>
			<KEYWORD3>ControlBox</KEYWORD3>
			<KEYWORD3>ControlCount</KEYWORD3>
			<KEYWORD3>ControlIndex</KEYWORD3>
			<KEYWORD3>Controls</KEYWORD3>
			<KEYWORD3>ControlSource</KEYWORD3>
			<KEYWORD3>CurrentControl</KEYWORD3>
			<KEYWORD3>CurrentX</KEYWORD3>
			<KEYWORD3>CurrentY</KEYWORD3>
			<KEYWORD3>CursorSource</KEYWORD3>
			<KEYWORD3>Curvature</KEYWORD3>
			<KEYWORD3>Database</KEYWORD3>
			<KEYWORD3>DataSession</KEYWORD3>
			<KEYWORD3>DataSessionId</KEYWORD3>
			<KEYWORD3>DataSourceObj</KEYWORD3>
			<KEYWORD3>DataType</KEYWORD3>
			<KEYWORD3>Default</KEYWORD3>
			<KEYWORD3>DefButton</KEYWORD3>
			<KEYWORD3>DefButtonOrig</KEYWORD3>
			<KEYWORD3>DefHeight</KEYWORD3>
			<KEYWORD3>DefineWindows</KEYWORD3>
			<KEYWORD3>DefLeft</KEYWORD3>
			<KEYWORD3>DefTop</KEYWORD3>
			<KEYWORD3>DefWidth</KEYWORD3>
			<KEYWORD3>DeleteMark</KEYWORD3>
			<KEYWORD3>Desktop</KEYWORD3>
			<KEYWORD3>Dirty</KEYWORD3>
			<KEYWORD3>DisabledBackColor</KEYWORD3>
			<KEYWORD3>DisabledByEOF</KEYWORD3>
			<KEYWORD3>DisabledForeColor</KEYWORD3>
			<KEYWORD3>DisabledItemBackColor</KEYWORD3>
			<KEYWORD3>DisabledItemForeColor</KEYWORD3>
			<KEYWORD3>DisabledPicture</KEYWORD3>
			<KEYWORD3>DisplayValue</KEYWORD3>
			<KEYWORD3>DispPageHeight</KEYWORD3>
			<KEYWORD3>DispPageWidth</KEYWORD3>
			<KEYWORD3>Docked</KEYWORD3>
			<KEYWORD3>DockPosition</KEYWORD3>
			<KEYWORD3>DoCreate</KEYWORD3>
			<KEYWORD3>DocumentFile</KEYWORD3>
			<KEYWORD3>DownPicture</KEYWORD3>
			<KEYWORD3>DragIcon</KEYWORD3>
			<KEYWORD3>DragMode</KEYWORD3>
			<KEYWORD3>DragState</KEYWORD3>
			<KEYWORD3>DrawMode</KEYWORD3>
			<KEYWORD3>DrawStyle</KEYWORD3>
			<KEYWORD3>DrawWidth</KEYWORD3>
			<KEYWORD3>DynamicAlignment</KEYWORD3>
			<KEYWORD3>DynamicBackColor</KEYWORD3>
			<KEYWORD3>DynamicCurrentControl</KEYWORD3>
			<KEYWORD3>DynamicFontBold</KEYWORD3>
			<KEYWORD3>DynamicFontItalic</KEYWORD3>
			<KEYWORD3>DynamicFontName</KEYWORD3>
			<KEYWORD3>DynamicFontOutline</KEYWORD3>
			<KEYWORD3>DynamicFontShadow</KEYWORD3>
			<KEYWORD3>DynamicFontSize</KEYWORD3>
			<KEYWORD3>DynamicFontStrikethru</KEYWORD3>
			<KEYWORD3>DynamicFontUnderline</KEYWORD3>
			<KEYWORD3>DynamicForeColor</KEYWORD3>
			<KEYWORD3>EditFlags</KEYWORD3>
			<KEYWORD3>Enabled</KEYWORD3>
			<KEYWORD3>EnabledByReadLock</KEYWORD3>
			<KEYWORD3>EnvLevel</KEYWORD3>
			<KEYWORD3>ErasePage</KEYWORD3>
			<KEYWORD3>FillColor</KEYWORD3>
			<KEYWORD3>FillStyle</KEYWORD3>
			<KEYWORD3>Filter</KEYWORD3>
			<KEYWORD3>FirstElement</KEYWORD3>
			<KEYWORD3>FontBold</KEYWORD3>
			<KEYWORD3>FontItalic</KEYWORD3>
			<KEYWORD3>FontName</KEYWORD3>
			<KEYWORD3>FontOutline</KEYWORD3>
			<KEYWORD3>FontShadow</KEYWORD3>
			<KEYWORD3>FontSize</KEYWORD3>
			<KEYWORD3>FontStrikethru</KEYWORD3>
			<KEYWORD3>FontUnderline</KEYWORD3>
			<KEYWORD3>ForceFocus</KEYWORD3>
			<KEYWORD3>ForeColor</KEYWORD3>
			<KEYWORD3>Format</KEYWORD3>
			<KEYWORD3>FormCount</KEYWORD3>
			<KEYWORD3>FormIndex</KEYWORD3>
			<KEYWORD3>FormPageCount</KEYWORD3>
			<KEYWORD3>FormPageIndex</KEYWORD3>
			<KEYWORD3>Forms</KEYWORD3>
			<KEYWORD3>FoxFont</KEYWORD3>
			<KEYWORD3>GoFirst</KEYWORD3>
			<KEYWORD3>GoLast</KEYWORD3>
			<KEYWORD3>GridLineColor</KEYWORD3>
			<KEYWORD3>GridLines</KEYWORD3>
			<KEYWORD3>GridLineWidth</KEYWORD3>
			<KEYWORD3>HalfHeightCaption</KEYWORD3>
			<KEYWORD3>HasClip</KEYWORD3>
			<KEYWORD3>HeaderGap</KEYWORD3>
			<KEYWORD3>HeaderHeight</KEYWORD3>
			<KEYWORD3>Height</KEYWORD3>
			<KEYWORD3>HelpContextID</KEYWORD3>
			<KEYWORD3>HideSelection</KEYWORD3>
			<KEYWORD3>Highlight</KEYWORD3>
			<KEYWORD3>HostName</KEYWORD3>
			<KEYWORD3>HotKey</KEYWORD3>
			<KEYWORD3>HPROJ</KEYWORD3>
			<KEYWORD3>HWnd</KEYWORD3>
			<KEYWORD3>Icon</KEYWORD3>
			<KEYWORD3>IgnoreInsert</KEYWORD3>
			<KEYWORD3>Increment</KEYWORD3>
			<KEYWORD3>IncrementalSearch</KEYWORD3>
			<KEYWORD3>InitialSelectedAlias</KEYWORD3>
			<KEYWORD3>InputMask</KEYWORD3>
			<KEYWORD3>InResize</KEYWORD3>
			<KEYWORD3>Interval</KEYWORD3>
			<KEYWORD3>ItemBackColor</KEYWORD3>
			<KEYWORD3>ItemData</KEYWORD3>
			<KEYWORD3>ItemForeColor</KEYWORD3>
			<KEYWORD3>ItemIDData</KEYWORD3>
			<KEYWORD3>JustReadLocked</KEYWORD3>
			<KEYWORD3>KeyboardHighValue</KEYWORD3>
			<KEYWORD3>KeyboardLowValue</KEYWORD3>
			<KEYWORD3>KeyPreview</KEYWORD3>
			<KEYWORD3>Left</KEYWORD3>
			<KEYWORD3>LeftColumn</KEYWORD3>
			<KEYWORD3>LineSlant</KEYWORD3>
			<KEYWORD3>LinkMaster</KEYWORD3>
			<KEYWORD3>List</KEYWORD3>
			<KEYWORD3>ListCount</KEYWORD3>
			<KEYWORD3>ListIndex</KEYWORD3>
			<KEYWORD3>ListItem</KEYWORD3>
			<KEYWORD3>ListItemId</KEYWORD3>
			<KEYWORD3>LockDataSource</KEYWORD3>
			<KEYWORD3>LockScreen</KEYWORD3>
			<KEYWORD3>Margin</KEYWORD3>
			<KEYWORD3>MaxButton</KEYWORD3>
			<KEYWORD3>MaxHeight</KEYWORD3>
			<KEYWORD3>MaxLeft</KEYWORD3>
			<KEYWORD3>MaxLength</KEYWORD3>
			<KEYWORD3>MaxTop</KEYWORD3>
			<KEYWORD3>MaxWidth</KEYWORD3>
			<KEYWORD3>MDIForm</KEYWORD3>
			<KEYWORD3>MemoWindow</KEYWORD3>
			<KEYWORD3>MinButton</KEYWORD3>
			<KEYWORD3>MinHeight</KEYWORD3>
			<KEYWORD3>MinWidth</KEYWORD3>
			<KEYWORD3>MousePointer</KEYWORD3>
			<KEYWORD3>Movable</KEYWORD3>
			<KEYWORD3>MoverBars</KEYWORD3>
			<KEYWORD3>MultiSelect</KEYWORD3>
			<KEYWORD3>Name</KEYWORD3>
			<KEYWORD3>NapTime</KEYWORD3>
			<KEYWORD3>NewIndex</KEYWORD3>
			<KEYWORD3>NewItemId</KEYWORD3>
			<KEYWORD3>NoDataOnLoad</KEYWORD3>
			<KEYWORD3>NoDefine</KEYWORD3>
			<KEYWORD3>NotifyContainer</KEYWORD3>
			<KEYWORD3>NumberOfElements</KEYWORD3>
			<KEYWORD3>OleClass</KEYWORD3>
			<KEYWORD3>OleClassId</KEYWORD3>
			<KEYWORD3>OleControlContainer</KEYWORD3>
			<KEYWORD3>OleIDispatchIncoming</KEYWORD3>
			<KEYWORD3>OleIDispatchOutgoing</KEYWORD3>
			<KEYWORD3>OleIDispInValue</KEYWORD3>
			<KEYWORD3>OleIDispOutValue</KEYWORD3>
			<KEYWORD3>OLETypeAllowed</KEYWORD3>
			<KEYWORD3>OneToMany</KEYWORD3>
			<KEYWORD3>OnResize</KEYWORD3>
			<KEYWORD3>OpenWindow</KEYWORD3>
			<KEYWORD3>PageCount</KEYWORD3>
			<KEYWORD3>PageHeight</KEYWORD3>
			<KEYWORD3>PageOrder</KEYWORD3>
			<KEYWORD3>Pages</KEYWORD3>
			<KEYWORD3>PageWidth</KEYWORD3>
			<KEYWORD3>Panel</KEYWORD3>
			<KEYWORD3>PanelLink</KEYWORD3>
			<KEYWORD3>Parent</KEYWORD3>
			<KEYWORD3>ParentAlias</KEYWORD3>
			<KEYWORD3>ParentClass</KEYWORD3>
			<KEYWORD3>Partition</KEYWORD3>
			<KEYWORD3>PasswordChar</KEYWORD3>
			<KEYWORD3>Picture</KEYWORD3>
			<KEYWORD3>ReadColors</KEYWORD3>
			<KEYWORD3>ReadCycle</KEYWORD3>
			<KEYWORD3>ReadFiller</KEYWORD3>
			<KEYWORD3>ReadLock</KEYWORD3>
			<KEYWORD3>ReadMouse</KEYWORD3>
			<KEYWORD3>ReadOnly</KEYWORD3>
			<KEYWORD3>ReadSave</KEYWORD3>
			<KEYWORD3>ReadSize</KEYWORD3>
			<KEYWORD3>ReadTimeout</KEYWORD3>
			<KEYWORD3>RecordMark</KEYWORD3>
			<KEYWORD3>RecordSource</KEYWORD3>
			<KEYWORD3>RecordSourceType</KEYWORD3>
			<KEYWORD3>Rect</KEYWORD3>
			<KEYWORD3>RelationalExpr</KEYWORD3>
			<KEYWORD3>RelativeColumn</KEYWORD3>
			<KEYWORD3>RelativeRow</KEYWORD3>
			<KEYWORD3>ReleaseErase</KEYWORD3>
			<KEYWORD3>ReleaseType</KEYWORD3>
			<KEYWORD3>ReleaseWindows</KEYWORD3>
			<KEYWORD3>Resizable</KEYWORD3>
			<KEYWORD3>RowHeight</KEYWORD3>
			<KEYWORD3>RowSource</KEYWORD3>
			<KEYWORD3>RowSourceType</KEYWORD3>
			<KEYWORD3>ScaleMode</KEYWORD3>
			<KEYWORD3>ScrollBars</KEYWORD3>
			<KEYWORD3>Selected</KEYWORD3>
			<KEYWORD3>SelectedBackColor</KEYWORD3>
			<KEYWORD3>SelectedForeColor</KEYWORD3>
			<KEYWORD3>SelectedID</KEYWORD3>
			<KEYWORD3>SelectedItemBackColor</KEYWORD3>
			<KEYWORD3>SelectedItemForeColor</KEYWORD3>
			<KEYWORD3>SelectOnEntry</KEYWORD3>
			<KEYWORD3>SelfEdit</KEYWORD3>
			<KEYWORD3>SelLength</KEYWORD3>
			<KEYWORD3>SelStart</KEYWORD3>
			<KEYWORD3>SelText</KEYWORD3>
			<KEYWORD3>ShowTips</KEYWORD3>
			<KEYWORD3>Sizable</KEYWORD3>
			<KEYWORD3>Skip</KEYWORD3>
			<KEYWORD3>SkipForm</KEYWORD3>
			<KEYWORD3>Sorted</KEYWORD3>
			<KEYWORD3>SourceType</KEYWORD3>
			<KEYWORD3>Sparse</KEYWORD3>
			<KEYWORD3>SpecialEffect</KEYWORD3>
			<KEYWORD3>SpinnerHighValue</KEYWORD3>
			<KEYWORD3>SpinnerLowValue</KEYWORD3>
			<KEYWORD3>StatusBarText</KEYWORD3>
			<KEYWORD3>Stretch</KEYWORD3>
			<KEYWORD3>Style</KEYWORD3>
			<KEYWORD3>SystemRefCount</KEYWORD3>
			<KEYWORD3>Tabhit</KEYWORD3>
			<KEYWORD3>TabIndex</KEYWORD3>
			<KEYWORD3>Tabs</KEYWORD3>
			<KEYWORD3>TabStop</KEYWORD3>
			<KEYWORD3>TabStretch</KEYWORD3>
			<KEYWORD3>Tag</KEYWORD3>
			<KEYWORD3>TerminateRead</KEYWORD3>
			<KEYWORD3>ToolTipText</KEYWORD3>
			<KEYWORD3>Top</KEYWORD3>
			<KEYWORD3>TopIndex</KEYWORD3>
			<KEYWORD3>TopItemId</KEYWORD3>
			<KEYWORD3>UnlockDataSource</KEYWORD3>
			<KEYWORD3>Value</KEYWORD3>
			<KEYWORD3>ValueDirty</KEYWORD3>
			<KEYWORD3>View</KEYWORD3>
			<KEYWORD3>Visible</KEYWORD3>
			<KEYWORD3>WasActive</KEYWORD3>
			<KEYWORD3>WasOpen</KEYWORD3>
			<KEYWORD3>Width</KEYWORD3>
			<KEYWORD3>WindowList</KEYWORD3>
			<KEYWORD3>WindowNTIList</KEYWORD3>
			<KEYWORD3>WindowState</KEYWORD3>
			<KEYWORD3>WindowType</KEYWORD3>
			<KEYWORD3>WordWrap</KEYWORD3>
			<KEYWORD3>ZOrderSet</KEYWORD3>
			<KEYWORD3>AllowAddNew</KEYWORD3>
			<KEYWORD3>AllowHeaderSizing</KEYWORD3>
			<KEYWORD3>AllowRowSizing</KEYWORD3>
			<KEYWORD3>Application</KEYWORD3>
			<KEYWORD3>AutoVerbMenu</KEYWORD3>
			<KEYWORD3>AutoYield</KEYWORD3>
			<KEYWORD3>BoundTo</KEYWORD3>
			<KEYWORD3>DateFormat</KEYWORD3>
			<KEYWORD3>DateMark</KEYWORD3>
			<KEYWORD3>DefaultFilePath</KEYWORD3>
			<KEYWORD3>FullName</KEYWORD3>
			<KEYWORD3>Hours</KEYWORD3>
			<KEYWORD3>IMEMode</KEYWORD3>
			<KEYWORD3>IntegralHeight</KEYWORD3>
			<KEYWORD3>ItemTips</KEYWORD3>
			<KEYWORD3>MouseIcon</KEYWORD3>
			<KEYWORD3>NullDisplay</KEYWORD3>
			<KEYWORD3>OLERequestPendingTimou</KEYWORD3>
			<KEYWORD3>OLEServerBusyRaiseErro</KEYWORD3>
			<KEYWORD3>OLEServerBusyTimout</KEYWORD3>
			<KEYWORD3>OpenViews</KEYWORD3>
			<KEYWORD3>RightToLeft</KEYWORD3>
			<KEYWORD3>SDIForm</KEYWORD3>
			<KEYWORD3>ShowWindow</KEYWORD3>
			<KEYWORD3>SplitBar</KEYWORD3>
			<KEYWORD3>StrictDateEntry</KEYWORD3>
			<KEYWORD3>TabStyle</KEYWORD3>
			<KEYWORD3>WhatsThisButton</KEYWORD3>
			<KEYWORD3>WhatsThisHelp</KEYWORD3>
			<KEYWORD3>WhatsThisHelpID</KEYWORD3>
			<KEYWORD3>DisplayCount</KEYWORD3>
			<KEYWORD3>ContinuousScroll</KEYWORD3>
			<KEYWORD3>HscrollSmallChange</KEYWORD3>
			<KEYWORD3>TitleBar</KEYWORD3>
			<KEYWORD3>VscrollSmallChange</KEYWORD3>
			<KEYWORD3>ViewPortTop</KEYWORD3>
			<KEYWORD3>ViewPortLeft</KEYWORD3>
			<KEYWORD3>ViewPortHeight</KEYWORD3>
			<KEYWORD3>ViewPortWidth</KEYWORD3>
			<KEYWORD3>SetViewPort</KEYWORD3>
			<KEYWORD3>Scrolled</KEYWORD3>
			<KEYWORD3>StartMode</KEYWORD3>
			<KEYWORD3>ServerName</KEYWORD3>
			<KEYWORD3>OLEDragMode</KEYWORD3>
			<KEYWORD3>OLEDragPicture</KEYWORD3>
			<KEYWORD3>OLEDropEffects</KEYWORD3>
			<KEYWORD3>OLEDropHasData</KEYWORD3>
			<KEYWORD3>OLEDropMode</KEYWORD3>
			<KEYWORD3>ActiveProject</KEYWORD3>
			<KEYWORD3>Projects</KEYWORD3>
			<KEYWORD3>AutoIncrement</KEYWORD3>
			<KEYWORD3>BuildDateTime</KEYWORD3>
			<KEYWORD3>Debug</KEYWORD3>
			<KEYWORD3>Encrypted</KEYWORD3>
			<KEYWORD3>Files</KEYWORD3>
			<KEYWORD3>HomeDir</KEYWORD3>
			<KEYWORD3>MainClass</KEYWORD3>
			<KEYWORD3>MainFile</KEYWORD3>
			<KEYWORD3>ProjectHookClass</KEYWORD3>
			<KEYWORD3>ProjectHookLibrary</KEYWORD3>
			<KEYWORD3>SCCProvider</KEYWORD3>
			<KEYWORD3>ServerHelpFile</KEYWORD3>
			<KEYWORD3>ServerProject</KEYWORD3>
			<KEYWORD3>TypeLibCLSID</KEYWORD3>
			<KEYWORD3>TypeLibDesc</KEYWORD3>
			<KEYWORD3>TypeLibName</KEYWORD3>
			<KEYWORD3>VersionComments</KEYWORD3>
			<KEYWORD3>VersionCompany</KEYWORD3>
			<KEYWORD3>VersionCopyright</KEYWORD3>
			<KEYWORD3>VersionDescription</KEYWORD3>
			<KEYWORD3>VersionNumber</KEYWORD3>
			<KEYWORD3>VersionProduct</KEYWORD3>
			<KEYWORD3>VersionTrademarks</KEYWORD3>
			<KEYWORD3>Item</KEYWORD3>
			<KEYWORD3>CodePage</KEYWORD3>
			<KEYWORD3>Description</KEYWORD3>
			<KEYWORD3>FileClass</KEYWORD3>
			<KEYWORD3>FileClassLibrary</KEYWORD3>
			<KEYWORD3>LastModified</KEYWORD3>
			<KEYWORD3>SCCStatus</KEYWORD3>
			<KEYWORD3>CLSID</KEYWORD3>
			<KEYWORD3>Instancing</KEYWORD3>
			<KEYWORD3>ProgID</KEYWORD3>
			<KEYWORD3>ServerClass</KEYWORD3>
			<KEYWORD3>ServerClassLibrary</KEYWORD3>
			<KEYWORD3>ThreadID</KEYWORD3>
			<KEYWORD3>ProcessID</KEYWORD3>
			<KEYWORD3>AddLineFeeds</KEYWORD3>

			<!-- Other FoxPro's Keywords -->
			<KEYWORD3>MULTILOCKS</KEYWORD3>
			<KEYWORD3>FULLPATH</KEYWORD3>
			<KEYWORD3>UNIQUE</KEYWORD3>
			<KEYWORD3>CLASSLIB</KEYWORD3>
			<KEYWORD3>LIBRARY</KEYWORD3>
			<KEYWORD3>structure</KEYWORD3>
			<KEYWORD3>last</KEYWORD3>
			<KEYWORD3>production</KEYWORD3>
			<KEYWORD3>path</KEYWORD3>
			<KEYWORD3>date</KEYWORD3>
			<KEYWORD3>datetime</KEYWORD3>
			<KEYWORD3>rest</KEYWORD3>
			<KEYWORD3>fields</KEYWORD3>
			<KEYWORD3>array</KEYWORD3>
			<KEYWORD3>free</KEYWORD3>
			<KEYWORD3>structure</KEYWORD3>
			<KEYWORD3>ASCENDING</KEYWORD3>
			<KEYWORD3>window</KEYWORD3>
			<KEYWORD3>nowait</KEYWORD3>
			<KEYWORD3>between</KEYWORD3>
			<KEYWORD3>dbf</KEYWORD3>
			<KEYWORD3>noconsole</KEYWORD3>
			<KEYWORD3>dif</KEYWORD3>
			<KEYWORD3>xls</KEYWORD3>
			<KEYWORD3>csv</KEYWORD3>
			<KEYWORD3>delimited</KEYWORD3>
			<KEYWORD3>right</KEYWORD3>
			<KEYWORD3>decimal</KEYWORD3>
			<KEYWORD3>additive</KEYWORD3>
			<KEYWORD3>between</KEYWORD3>
			<KEYWORD3>noupdate</KEYWORD3>

			<KEYWORD3>Abs</KEYWORD3>
			<KEYWORD3>Accept</KEYWORD3>
			<KEYWORD3>Access</KEYWORD3>
			<KEYWORD3>Aclass</KEYWORD3>
			<KEYWORD3>Acopy</KEYWORD3>
			<KEYWORD3>Acos</KEYWORD3>
			<KEYWORD3>Adatabases</KEYWORD3>
			<KEYWORD3>Adbobjects</KEYWORD3>
			<KEYWORD3>Add</KEYWORD3>
			<KEYWORD3>Addrelationtoenv</KEYWORD3>
			<KEYWORD3>Addtabletoenv</KEYWORD3>
			<KEYWORD3>Adel</KEYWORD3>
			<KEYWORD3>Adir</KEYWORD3>
			<KEYWORD3>Aelement</KEYWORD3>
			<KEYWORD3>Aerror</KEYWORD3>
			<KEYWORD3>Afields</KEYWORD3>
			<KEYWORD3>Afont</KEYWORD3>
			<KEYWORD3>Again</KEYWORD3>
			<KEYWORD3>Ains</KEYWORD3>
			<KEYWORD3>Ainstance</KEYWORD3>
			<KEYWORD3>Alen</KEYWORD3>
			<KEYWORD3>All</KEYWORD3>
			<KEYWORD3>Alltrim</KEYWORD3>
			<KEYWORD3>Alter</KEYWORD3>
			<KEYWORD3>Amembers</KEYWORD3>
			<KEYWORD3>Ansitooem</KEYWORD3>
			<KEYWORD3>Append</KEYWORD3>
			<KEYWORD3>Aprinters</KEYWORD3>
			<KEYWORD3>Ascan</KEYWORD3>
			<KEYWORD3>Aselobj</KEYWORD3>
			<KEYWORD3>Asin</KEYWORD3>
			<KEYWORD3>Asort</KEYWORD3>
			<KEYWORD3>Assist</KEYWORD3>
			<KEYWORD3>Asubscript</KEYWORD3>
			<KEYWORD3>Asynchronous</KEYWORD3>
			<KEYWORD3>Atan</KEYWORD3>
			<KEYWORD3>Atc</KEYWORD3>
			<KEYWORD3>Atcline</KEYWORD3>
			<KEYWORD3>Atline</KEYWORD3>
			<KEYWORD3>Atn2</KEYWORD3>
			<KEYWORD3>Aused</KEYWORD3>
			<KEYWORD3>Autoform</KEYWORD3>
			<KEYWORD3>Autoreport</KEYWORD3>
			<KEYWORD3>Average</KEYWORD3>
			<KEYWORD3>Bar</KEYWORD3>
			<KEYWORD3>BatchMode</KEYWORD3>
			<KEYWORD3>BatchUpdateCount</KEYWORD3>
			<KEYWORD3>Begin</KEYWORD3>
			<KEYWORD3>Bell</KEYWORD3>
			<KEYWORD3>BellSound</KEYWORD3>
			<KEYWORD3>Bitand</KEYWORD3>
			<KEYWORD3>Bitclear</KEYWORD3>
			<KEYWORD3>Bitlshift</KEYWORD3>
			<KEYWORD3>Bitnot</KEYWORD3>
			<KEYWORD3>Bitor</KEYWORD3>
			<KEYWORD3>Bitrshift</KEYWORD3>
			<KEYWORD3>Bitset</KEYWORD3>
			<KEYWORD3>Bittest</KEYWORD3>
			<KEYWORD3>Bitxor</KEYWORD3>
			<KEYWORD3>Bof</KEYWORD3>
			<KEYWORD3>Bottom</KEYWORD3>
			<KEYWORD3>Browse</KEYWORD3>
			<KEYWORD3>BrowseRefresh</KEYWORD3>
			<KEYWORD3>Buffering</KEYWORD3>
			<KEYWORD3>Build</KEYWORD3>
			<KEYWORD3>BuilderLock</KEYWORD3>
			<KEYWORD3>By</KEYWORD3>
			<KEYWORD3>Calculate</KEYWORD3>
			<KEYWORD3>Call</KEYWORD3>
			<KEYWORD3>Capslock</KEYWORD3>
			<KEYWORD3>Case</KEYWORD3>
			<KEYWORD3>Cd</KEYWORD3>
			<KEYWORD3>Cdow</KEYWORD3>
			<KEYWORD3>Ceiling</KEYWORD3>
			<KEYWORD3>Central</KEYWORD3>
			<KEYWORD3>Century</KEYWORD3>
			<KEYWORD3>Change</KEYWORD3>
			<KEYWORD3>Char</KEYWORD3>
			<KEYWORD3>Chdir</KEYWORD3>
			<KEYWORD3>Checkbox</KEYWORD3>
			<KEYWORD3>Chr</KEYWORD3>
			<KEYWORD3>Chrsaw</KEYWORD3>
			<KEYWORD3>Chrtran</KEYWORD3>
			<KEYWORD3>Close</KEYWORD3>
			<KEYWORD3>Cmonth</KEYWORD3>
			<KEYWORD3>Cntbar</KEYWORD3>
			<KEYWORD3>Cntpad</KEYWORD3>
			<KEYWORD3>Col</KEYWORD3>
			<KEYWORD3>Column</KEYWORD3>
			<KEYWORD3>ComboBox</KEYWORD3>
			<KEYWORD3>CommandButton</KEYWORD3>
			<KEYWORD3>CommandGroup</KEYWORD3>
			<KEYWORD3>Compile</KEYWORD3>
			<KEYWORD3>Completed</KEYWORD3>
			<KEYWORD3>Compobj</KEYWORD3>
			<KEYWORD3>Compute</KEYWORD3>
			<KEYWORD3>Concat</KEYWORD3>
			<KEYWORD3>ConnectBusy</KEYWORD3>
			<KEYWORD3>ConnectHandle</KEYWORD3>
			<KEYWORD3>ConnectName</KEYWORD3>
			<KEYWORD3>ConnectString</KEYWORD3>
			<KEYWORD3>ConnectTimeOut</KEYWORD3>
			<KEYWORD3>Container</KEYWORD3>
			<KEYWORD3>Continue</KEYWORD3>
			<KEYWORD3>Control</KEYWORD3>
			<KEYWORD3>Copy</KEYWORD3>
			<KEYWORD3>Cos</KEYWORD3>
			<KEYWORD3>Cot</KEYWORD3>
			<KEYWORD3>Count</KEYWORD3>
			<KEYWORD3>Cpconvert</KEYWORD3>
			<KEYWORD3>Cpcurrent</KEYWORD3>
			<KEYWORD3>CPDialog</KEYWORD3>
			<KEYWORD3>Cpdbf</KEYWORD3>
			<KEYWORD3>Cpnotrans</KEYWORD3>
			<KEYWORD3>Create</KEYWORD3>
			<KEYWORD3>Createobject</KEYWORD3>
			<KEYWORD3>CrsBuffering</KEYWORD3>
			<KEYWORD3>CrsFetchMemo</KEYWORD3>
			<KEYWORD3>CrsFetchSize</KEYWORD3>
			<KEYWORD3>CrsMaxRows</KEYWORD3>
			<KEYWORD3>CrsMethodUsed</KEYWORD3>
			<KEYWORD3>CrsNumBatch</KEYWORD3>
			<KEYWORD3>CrsShareConnection</KEYWORD3>
			<KEYWORD3>CrsUseMemoSize</KEYWORD3>
			<KEYWORD3>CrsWhereClause</KEYWORD3>
			<KEYWORD3>Ctod</KEYWORD3>
			<KEYWORD3>Ctot</KEYWORD3>
			<KEYWORD3>Curdate</KEYWORD3>
			<KEYWORD3>Curdir</KEYWORD3>
			<KEYWORD3>CurrLeft</KEYWORD3>
			<KEYWORD3>CurrSymbol</KEYWORD3>
			<KEYWORD3>Cursor</KEYWORD3>
			<KEYWORD3>Curtime</KEYWORD3>
			<KEYWORD3>Curval</KEYWORD3>
			<KEYWORD3>Custom</KEYWORD3>
			<KEYWORD3>DataEnvironment</KEYWORD3>
			<KEYWORD3>Databases</KEYWORD3>
			<KEYWORD3>Datetime</KEYWORD3>
			<KEYWORD3>Day</KEYWORD3>
			<KEYWORD3>Dayname</KEYWORD3>
			<KEYWORD3>Dayofmonth</KEYWORD3>
			<KEYWORD3>Dayofweek</KEYWORD3>
			<KEYWORD3>Dayofyear</KEYWORD3>
			<KEYWORD3>Dbalias</KEYWORD3>
			<KEYWORD3>Dbused</KEYWORD3>
			<KEYWORD3>DB_BufLockRow</KEYWORD3>
			<KEYWORD3>DB_BufLockTable</KEYWORD3>
			<KEYWORD3>DB_BufOff</KEYWORD3>
			<KEYWORD3>DB_BufOptRow</KEYWORD3>
			<KEYWORD3>DB_BufOptTable</KEYWORD3>
			<KEYWORD3>DB_Complette</KEYWORD3>
			<KEYWORD3>DB_DeleteInsert</KEYWORD3>
			<KEYWORD3>DB_KeyAndModified</KEYWORD3>
			<KEYWORD3>DB_KeyAndTimestamp</KEYWORD3>
			<KEYWORD3>DB_KeyAndUpdatable</KEYWORD3>
			<KEYWORD3>DB_LocalSQL</KEYWORD3>
			<KEYWORD3>DB_NoPrompt</KEYWORD3>
			<KEYWORD3>DB_Prompt</KEYWORD3>
			<KEYWORD3>DB_RemoteSQL</KEYWORD3>
			<KEYWORD3>DB_TransAuto</KEYWORD3>
			<KEYWORD3>DB_TransManual</KEYWORD3>
			<KEYWORD3>DB_TransNone</KEYWORD3>
			<KEYWORD3>DB_Update</KEYWORD3>
			<KEYWORD3>Ddeaborttrans</KEYWORD3>
			<KEYWORD3>Ddeadvise</KEYWORD3>
			<KEYWORD3>Ddeenabled</KEYWORD3>
			<KEYWORD3>Ddeexecute</KEYWORD3>
			<KEYWORD3>Ddeinitiate</KEYWORD3>
			<KEYWORD3>Ddelasterror</KEYWORD3>
			<KEYWORD3>Ddepoke</KEYWORD3>
			<KEYWORD3>Dderequest</KEYWORD3>
			<KEYWORD3>Ddesetoption</KEYWORD3>
			<KEYWORD3>Ddesetservice</KEYWORD3>
			<KEYWORD3>Ddesettopic</KEYWORD3>
			<KEYWORD3>Ddeterminate</KEYWORD3>
			<KEYWORD3>Declare</KEYWORD3>
			<KEYWORD3>DefaultValue</KEYWORD3>
			<KEYWORD3>Define</KEYWORD3>
			<KEYWORD3>Degrees</KEYWORD3>
			<KEYWORD3>DeleteTrigger</KEYWORD3>
			<KEYWORD3>Desc</KEYWORD3>
			<KEYWORD3>Description</KEYWORD3>
			<KEYWORD3>Difference</KEYWORD3>
			<KEYWORD3>Dimension</KEYWORD3>
			<KEYWORD3>Dir</KEYWORD3>
			<KEYWORD3>Directory</KEYWORD3>
			<KEYWORD3>Diskspace</KEYWORD3>
			<KEYWORD3>Display</KEYWORD3>
			<KEYWORD3>DispLogin</KEYWORD3>
			<KEYWORD3>DispWarnings</KEYWORD3>
			<KEYWORD3>Distinct</KEYWORD3>
			<KEYWORD3>Dmy</KEYWORD3>
			<KEYWORD3>Do</KEYWORD3>
			<KEYWORD3>Doc</KEYWORD3>
			<KEYWORD3>Dow</KEYWORD3>
			<KEYWORD3>Drop</KEYWORD3>
			<KEYWORD3>Dtoc</KEYWORD3>
			<KEYWORD3>Dtor</KEYWORD3>
			<KEYWORD3>Dtos</KEYWORD3>
			<KEYWORD3>Dtot</KEYWORD3>
			<KEYWORD3>Edit</KEYWORD3>
			<KEYWORD3>EditBox</KEYWORD3>
			<KEYWORD3>Eject</KEYWORD3>
			<KEYWORD3>Elif</KEYWORD3>
			<KEYWORD3>Else</KEYWORD3>
			<KEYWORD3>Empty</KEYWORD3>
			<KEYWORD3>End</KEYWORD3>
			<KEYWORD3>Endcase</KEYWORD3>
			<KEYWORD3>Enddefine</KEYWORD3>
			<KEYWORD3>Enddo</KEYWORD3>
			<KEYWORD3>Endfor</KEYWORD3>
			<KEYWORD3>Endif</KEYWORD3>
			<KEYWORD3>Endprintjob</KEYWORD3>
			<KEYWORD3>Endscan</KEYWORD3>
			<KEYWORD3>Endtext</KEYWORD3>
			<KEYWORD3>Endwith</KEYWORD3>
			<KEYWORD3>Eof</KEYWORD3>
			<KEYWORD3>Erase</KEYWORD3>
			<KEYWORD3>Evaluate</KEYWORD3>
			<KEYWORD3>Exact</KEYWORD3>
			<KEYWORD3>Exclusive</KEYWORD3>
			<KEYWORD3>Exit</KEYWORD3>
			<KEYWORD3>Exp</KEYWORD3>
			<KEYWORD3>Export</KEYWORD3>
			<KEYWORD3>External</KEYWORD3>
			<KEYWORD3>Fchsize</KEYWORD3>
			<KEYWORD3>Fclose</KEYWORD3>
			<KEYWORD3>Fcount</KEYWORD3>
			<KEYWORD3>Fcreate</KEYWORD3>
			<KEYWORD3>Feof</KEYWORD3>
			<KEYWORD3>Ferror</KEYWORD3>
			<KEYWORD3>FetchMemo</KEYWORD3>
			<KEYWORD3>FetchSize</KEYWORD3>
			<KEYWORD3>Fflush</KEYWORD3>
			<KEYWORD3>Fgets</KEYWORD3>
			<KEYWORD3>File</KEYWORD3>
			<KEYWORD3>Filer</KEYWORD3>
			<KEYWORD3>Find</KEYWORD3>
			<KEYWORD3>Fklabel</KEYWORD3>
			<KEYWORD3>Fkmax</KEYWORD3>
			<KEYWORD3>Fldlist</KEYWORD3>
			<KEYWORD3>Flock</KEYWORD3>
			<KEYWORD3>Floor</KEYWORD3>
			<KEYWORD3>Flush</KEYWORD3>
			<KEYWORD3>FontClass</KEYWORD3>
			<KEYWORD3>Fontmetric</KEYWORD3>
			<KEYWORD3>Fopen</KEYWORD3>
			<KEYWORD3>For</KEYWORD3>
			<KEYWORD3>Form</KEYWORD3>
			<KEYWORD3>FormsClass</KEYWORD3>
			<KEYWORD3>Formset</KEYWORD3>
			<KEYWORD3>FormSetClass</KEYWORD3>
			<KEYWORD3>FormSetLib</KEYWORD3>
			<KEYWORD3>FormsLib</KEYWORD3>
			<KEYWORD3>Found</KEYWORD3>
			<KEYWORD3>Foxcode</KEYWORD3>
			<KEYWORD3>Foxdoc</KEYWORD3>
			<KEYWORD3>Foxgen</KEYWORD3>
			<KEYWORD3>Foxgraph</KEYWORD3>
			<KEYWORD3>FoxPro</KEYWORD3>
			<KEYWORD3>Foxview</KEYWORD3>
			<KEYWORD3>Fputs</KEYWORD3>
			<KEYWORD3>Fread</KEYWORD3>
			<KEYWORD3>From</KEYWORD3>
			<KEYWORD3>Fseek</KEYWORD3>
			<KEYWORD3>Fsize</KEYWORD3>
			<KEYWORD3>Fv</KEYWORD3>
			<KEYWORD3>Fwrite</KEYWORD3>
			<KEYWORD3>Gather</KEYWORD3>
			<KEYWORD3>General</KEYWORD3>
			<KEYWORD3>Getbar</KEYWORD3>
			<KEYWORD3>Getcolor</KEYWORD3>
			<KEYWORD3>Getcp</KEYWORD3>
			<KEYWORD3>Getdir</KEYWORD3>
			<KEYWORD3>Getenv</KEYWORD3>
			<KEYWORD3>Getexpr</KEYWORD3>
			<KEYWORD3>Getfile</KEYWORD3>
			<KEYWORD3>Getfldstate</KEYWORD3>
			<KEYWORD3>Getfont</KEYWORD3>
			<KEYWORD3>Getnextmodified</KEYWORD3>
			<KEYWORD3>Getobject</KEYWORD3>
			<KEYWORD3>Getpad</KEYWORD3>
			<KEYWORD3>Getpict</KEYWORD3>
			<KEYWORD3>Getprinter</KEYWORD3>
			<KEYWORD3>Go</KEYWORD3>
			<KEYWORD3>Gomonth</KEYWORD3>
			<KEYWORD3>Goto</KEYWORD3>
			<KEYWORD3>Graph</KEYWORD3>
			<KEYWORD3>Grid</KEYWORD3>
			<KEYWORD3>GridHorz</KEYWORD3>
			<KEYWORD3>GridShow</KEYWORD3>
			<KEYWORD3>GridShowPos</KEYWORD3>
			<KEYWORD3>GridSnap</KEYWORD3>
			<KEYWORD3>GridVert</KEYWORD3>
			<KEYWORD3>Header</KEYWORD3>
			<KEYWORD3>Help</KEYWORD3>
			<KEYWORD3>HelpOn</KEYWORD3>
			<KEYWORD3>HelpTo</KEYWORD3>
			<KEYWORD3>Hour</KEYWORD3>
			<KEYWORD3>IdleTimeOut</KEYWORD3>
			<KEYWORD3>Idxcollate</KEYWORD3>
			<KEYWORD3>If</KEYWORD3>
			<KEYWORD3>Ifdef</KEYWORD3>
			<KEYWORD3>Ifndef</KEYWORD3>
			<KEYWORD3>Iif</KEYWORD3>
			<KEYWORD3>Image</KEYWORD3>
			<KEYWORD3>Import</KEYWORD3>
			<KEYWORD3>Include</KEYWORD3>
			<KEYWORD3>Indbc</KEYWORD3>
			<KEYWORD3>Index</KEYWORD3>
			<KEYWORD3>Inkey</KEYWORD3>
			<KEYWORD3>Inlist</KEYWORD3>
			<KEYWORD3>Input</KEYWORD3>
			<KEYWORD3>Insert</KEYWORD3>
			<KEYWORD3>InsertTrigger</KEYWORD3>
			<KEYWORD3>Insmode</KEYWORD3>
			<KEYWORD3>Into</KEYWORD3>
			<KEYWORD3>Isalpha</KEYWORD3>
			<KEYWORD3>Iscolor</KEYWORD3>
			<KEYWORD3>Isdigit</KEYWORD3>
			<KEYWORD3>Isexclusive</KEYWORD3>
			<KEYWORD3>Islower</KEYWORD3>
			<KEYWORD3>Isnull</KEYWORD3>
			<KEYWORD3>Isreadonly</KEYWORD3>
			<KEYWORD3>Isupper</KEYWORD3>
			<KEYWORD3>Join</KEYWORD3>
			<KEYWORD3>Keyboard</KEYWORD3>
			<KEYWORD3>KeyField</KEYWORD3>
			<KEYWORD3>KeyFieldList</KEYWORD3>
			<KEYWORD3>Keymatch</KEYWORD3>
			<KEYWORD3>Label</KEYWORD3>
			<KEYWORD3>Lastkey</KEYWORD3>
			<KEYWORD3>LastProject</KEYWORD3>
			<KEYWORD3>Lcase</KEYWORD3>
			<KEYWORD3>Len</KEYWORD3>
			<KEYWORD3>Length</KEYWORD3>
			<KEYWORD3>Lineno</KEYWORD3>
			<KEYWORD3>ListBox</KEYWORD3>
			<KEYWORD3>Local</KEYWORD3>
			<KEYWORD3>Locate</KEYWORD3>
			<KEYWORD3>Locfile</KEYWORD3>
			<KEYWORD3>Log</KEYWORD3>
			<KEYWORD3>Log10</KEYWORD3>
			<KEYWORD3>Logout</KEYWORD3>
			<KEYWORD3>Lookup</KEYWORD3>
			<KEYWORD3>Loop</KEYWORD3>
			<KEYWORD3>Lower</KEYWORD3>
			<KEYWORD3>Lparameters</KEYWORD3>
			<KEYWORD3>Ltrim</KEYWORD3>
			<KEYWORD3>Lupdate</KEYWORD3>
			<KEYWORD3>Mail</KEYWORD3>
			<KEYWORD3>MaxRecords</KEYWORD3>
			<KEYWORD3>Mcol</KEYWORD3>
			<KEYWORD3>Md</KEYWORD3>
			<KEYWORD3>Mdown</KEYWORD3>
			<KEYWORD3>Mdx</KEYWORD3>
			<KEYWORD3>Mdy</KEYWORD3>
			<KEYWORD3>Memlines</KEYWORD3>
			<KEYWORD3>Memo</KEYWORD3>
			<KEYWORD3>Menu</KEYWORD3>
			<KEYWORD3>Messagebox</KEYWORD3>
			<KEYWORD3>Minute</KEYWORD3>
			<KEYWORD3>Mkdir</KEYWORD3>
			<KEYWORD3>Mline</KEYWORD3>
			<KEYWORD3>Modify</KEYWORD3>
			<KEYWORD3>Month</KEYWORD3>
			<KEYWORD3>Monthname</KEYWORD3>
			<KEYWORD3>Mouse</KEYWORD3>
			<KEYWORD3>Mrkbar</KEYWORD3>
			<KEYWORD3>Mrkpad</KEYWORD3>
			<KEYWORD3>Mrow</KEYWORD3>
			<KEYWORD3>Mton</KEYWORD3>
			<KEYWORD3>Mwindow</KEYWORD3>
			<KEYWORD3>Native</KEYWORD3>
			<KEYWORD3>Ndx</KEYWORD3>
			<KEYWORD3>Network</KEYWORD3>
			<KEYWORD3>Next</KEYWORD3>
			<KEYWORD3>Nodefault</KEYWORD3>
			<KEYWORD3>Normalize</KEYWORD3>
			<KEYWORD3>Note</KEYWORD3>
			<KEYWORD3>Now</KEYWORD3>
			<KEYWORD3>Ntom</KEYWORD3>
			<KEYWORD3>NullString</KEYWORD3>
			<KEYWORD3>Numlock</KEYWORD3>
			<KEYWORD3>Nvl</KEYWORD3>
			<KEYWORD3>Objnum</KEYWORD3>
			<KEYWORD3>Objref</KEYWORD3>
			<KEYWORD3>Objtoclient</KEYWORD3>
			<KEYWORD3>Objvar</KEYWORD3>
			<KEYWORD3>Occurs</KEYWORD3>
			<KEYWORD3>ODBChdbc</KEYWORD3>
			<KEYWORD3>ODBChstmt</KEYWORD3>
			<KEYWORD3>Oemtoansi</KEYWORD3>
			<KEYWORD3>Off</KEYWORD3>
			<KEYWORD3>Oldval</KEYWORD3>
			<KEYWORD3>OleBaseControl</KEYWORD3>
			<KEYWORD3>OleBoundControl</KEYWORD3>
			<KEYWORD3>OleClassIDispOut</KEYWORD3>
			<KEYWORD3>OleControl</KEYWORD3>
			<KEYWORD3>On</KEYWORD3>
			<KEYWORD3>Open</KEYWORD3>
			<KEYWORD3>OptionButton</KEYWORD3>
			<KEYWORD3>OptionGroup</KEYWORD3>
			<KEYWORD3>Oracle</KEYWORD3>
			<KEYWORD3>Order</KEYWORD3>
			<KEYWORD3>Os</KEYWORD3>
			<KEYWORD3>Otherwise</KEYWORD3>
			<KEYWORD3>Pack</KEYWORD3>
			<KEYWORD3>PacketSize</KEYWORD3>
			<KEYWORD3>Padc</KEYWORD3>
			<KEYWORD3>Padl</KEYWORD3>
			<KEYWORD3>Padr</KEYWORD3>
			<KEYWORD3>Page</KEYWORD3>
			<KEYWORD3>PageFrame</KEYWORD3>
			<KEYWORD3>Parameters</KEYWORD3>
			<KEYWORD3>Payment</KEYWORD3>
			<KEYWORD3>Pcol</KEYWORD3>
			<KEYWORD3>Percent</KEYWORD3>
			<KEYWORD3>Pi</KEYWORD3>
			<KEYWORD3>Pivot</KEYWORD3>
			<KEYWORD3>Play</KEYWORD3>
			<KEYWORD3>Pop</KEYWORD3>
			<KEYWORD3>Power</KEYWORD3>
			<KEYWORD3>PrimaryKey</KEYWORD3>
			<KEYWORD3>Printjob</KEYWORD3>
			<KEYWORD3>Printstatus</KEYWORD3>
			<KEYWORD3>Private</KEYWORD3>
			<KEYWORD3>Prmbar</KEYWORD3>
			<KEYWORD3>Prmpad</KEYWORD3>
			<KEYWORD3>Program</KEYWORD3>
			<KEYWORD3>ProjectClick</KEYWORD3>
			<KEYWORD3>Proper</KEYWORD3>
			<KEYWORD3>Protected</KEYWORD3>
			<KEYWORD3>Prow</KEYWORD3>
			<KEYWORD3>Prtinfo</KEYWORD3>
			<KEYWORD3>Public</KEYWORD3>
			<KEYWORD3>Push</KEYWORD3>
			<KEYWORD3>Putfile</KEYWORD3>
			<KEYWORD3>Pv</KEYWORD3>
			<KEYWORD3>Qpr</KEYWORD3>
			<KEYWORD3>Quater</KEYWORD3>
			<KEYWORD3>QueryTimeOut</KEYWORD3>
			<KEYWORD3>Quit</KEYWORD3>
			<KEYWORD3>Radians</KEYWORD3>
			<KEYWORD3>Rand</KEYWORD3>
			<KEYWORD3>Rat</KEYWORD3>
			<KEYWORD3>Ratline</KEYWORD3>
			<KEYWORD3>Rd</KEYWORD3>
			<KEYWORD3>Rdlevel</KEYWORD3>
			<KEYWORD3>Read</KEYWORD3>
			<KEYWORD3>Readkey</KEYWORD3>
			<KEYWORD3>Recall</KEYWORD3>
			<KEYWORD3>Reccount</KEYWORD3>
			<KEYWORD3>RecentlyUsedFiles</KEYWORD3>
			<KEYWORD3>Recno</KEYWORD3>
			<KEYWORD3>Recsize</KEYWORD3>
			<KEYWORD3>RectClass</KEYWORD3>
			<KEYWORD3>Regional</KEYWORD3>
			<KEYWORD3>Reindex</KEYWORD3>
			<KEYWORD3>RelatedChild</KEYWORD3>
			<KEYWORD3>RelatedTable</KEYWORD3>
			<KEYWORD3>RelatedTag</KEYWORD3>
			<KEYWORD3>Relation</KEYWORD3>
			<KEYWORD3>Remove</KEYWORD3>
			<KEYWORD3>Rename</KEYWORD3>
			<KEYWORD3>Repeat</KEYWORD3>
			<KEYWORD3>Replace</KEYWORD3>
			<KEYWORD3>Replicate</KEYWORD3>
			<KEYWORD3>Report</KEYWORD3>
			<KEYWORD3>Reprocess</KEYWORD3>
			<KEYWORD3>ResHeight</KEYWORD3>
			<KEYWORD3>ResourceOn</KEYWORD3>
			<KEYWORD3>ResourceTo</KEYWORD3>
			<KEYWORD3>Restore</KEYWORD3>
			<KEYWORD3>Resume</KEYWORD3>
			<KEYWORD3>ResWidth</KEYWORD3>
			<KEYWORD3>Retry</KEYWORD3>
			<KEYWORD3>Return</KEYWORD3>
			<KEYWORD3>Rgbscheme</KEYWORD3>
			<KEYWORD3>Rlock</KEYWORD3>
			<KEYWORD3>Rmdir</KEYWORD3>
			<KEYWORD3>Rollback</KEYWORD3>
			<KEYWORD3>Round</KEYWORD3>
			<KEYWORD3>Rtod</KEYWORD3>
			<KEYWORD3>Rtrim</KEYWORD3>
			<KEYWORD3>RuleExpression</KEYWORD3>
			<KEYWORD3>RuleText</KEYWORD3>
			<KEYWORD3>Run</KEYWORD3>
			<KEYWORD3>Runscript</KEYWORD3>
			<KEYWORD3>Rview</KEYWORD3>
			<KEYWORD3>Save</KEYWORD3>
			<KEYWORD3>Safety</KEYWORD3>
			<KEYWORD3>ScaleUnits</KEYWORD3>
			<KEYWORD3>Scan</KEYWORD3>
			<KEYWORD3>Scatter</KEYWORD3>
			<KEYWORD3>Scols</KEYWORD3>
			<KEYWORD3>Scroll</KEYWORD3>
			<KEYWORD3>Sec</KEYWORD3>
			<KEYWORD3>Second</KEYWORD3>
			<KEYWORD3>Seek</KEYWORD3>
			<KEYWORD3>Select</KEYWORD3>
			<KEYWORD3>SendUpdates</KEYWORD3>
			<KEYWORD3>Separator</KEYWORD3>
			<KEYWORD3>Set</KEYWORD3>
			<KEYWORD3>SetDefault</KEYWORD3>
			<KEYWORD3>Setfldstate</KEYWORD3>
			<KEYWORD3>Setup</KEYWORD3>
			<KEYWORD3>Shape</KEYWORD3>
			<KEYWORD3>Shared</KEYWORD3>
			<KEYWORD3>ShareConnection</KEYWORD3>
			<KEYWORD3>ShowOLEControls</KEYWORD3>
			<KEYWORD3>ShowOLEInsertable</KEYWORD3>
			<KEYWORD3>ShowVCXs</KEYWORD3>
			<KEYWORD3>Sign</KEYWORD3>
			<KEYWORD3>Sin</KEYWORD3>
			<KEYWORD3>Size</KEYWORD3>
			<KEYWORD3>Skpbar</KEYWORD3>
			<KEYWORD3>Skppad</KEYWORD3>
			<KEYWORD3>Sort</KEYWORD3>
			<KEYWORD3>Soundex</KEYWORD3>
			<KEYWORD3>SourceName</KEYWORD3>
			<KEYWORD3>Spinner</KEYWORD3>
			<KEYWORD3>SQLAsynchronous</KEYWORD3>
			<KEYWORD3>SQLBatchMode</KEYWORD3>
			<KEYWORD3>Sqlcommit</KEYWORD3>
			<KEYWORD3>SQLConnectTimeOut</KEYWORD3>
			<KEYWORD3>SQLDispLogin</KEYWORD3>
			<KEYWORD3>SQLDispWarnings</KEYWORD3>
			<KEYWORD3>SQLIdleTimeOut</KEYWORD3>
			<KEYWORD3>Sqll</KEYWORD3>
			<KEYWORD3>SQLQueryTimeOut</KEYWORD3>
			<KEYWORD3>Sqlrollback</KEYWORD3>
			<KEYWORD3>Sqlstringconnect</KEYWORD3>
			<KEYWORD3>SQLTransactions</KEYWORD3>
			<KEYWORD3>SQLWaitTime</KEYWORD3>
			<KEYWORD3>Sqrt</KEYWORD3>
			<KEYWORD3>Srows</KEYWORD3>
			<KEYWORD3>StatusBar</KEYWORD3>
			<KEYWORD3>Status</KEYWORD3>
			<KEYWORD3>Store</KEYWORD3>
			<KEYWORD3>Str</KEYWORD3>
			<KEYWORD3>Strtran</KEYWORD3>
			<KEYWORD3>Stuff</KEYWORD3>
			<KEYWORD3>Substr</KEYWORD3>
			<KEYWORD3>Substring</KEYWORD3>
			<KEYWORD3>Sum</KEYWORD3>
			<KEYWORD3>Suspend</KEYWORD3>
			<KEYWORD3>Sys</KEYWORD3>
			<KEYWORD3>Sysmetric</KEYWORD3>
			<KEYWORD3>Table</KEYWORD3>
			<KEYWORD3>TableRefresh</KEYWORD3>
			<KEYWORD3>Tablerevert</KEYWORD3>
			<KEYWORD3>Tableupdate</KEYWORD3>
			<KEYWORD3>TabOrdering</KEYWORD3>
			<KEYWORD3>Talk</KEYWORD3>
			<KEYWORD3>Tan</KEYWORD3>
			<KEYWORD3>Target</KEYWORD3>
			<KEYWORD3>Text</KEYWORD3>
			<KEYWORD3>TextBox</KEYWORD3>
			<KEYWORD3>Timestamp</KEYWORD3>
			<KEYWORD3>Timestampdiff</KEYWORD3>
			<KEYWORD3>To</KEYWORD3>
			<KEYWORD3>Toolbar</KEYWORD3>
			<KEYWORD3>Total</KEYWORD3>
			<KEYWORD3>Transaction</KEYWORD3>
			<KEYWORD3>Transform</KEYWORD3>
			<KEYWORD3>Trim</KEYWORD3>
			<KEYWORD3>Truncate</KEYWORD3>
			<KEYWORD3>Ttoc</KEYWORD3>
			<KEYWORD3>Ttod</KEYWORD3>
			<KEYWORD3>Txnlevel</KEYWORD3>
			<KEYWORD3>Txtwidth</KEYWORD3>
			<KEYWORD3>Type</KEYWORD3>
			<KEYWORD3>Ucase</KEYWORD3>
			<KEYWORD3>Undefine</KEYWORD3>
			<KEYWORD3>Unlock</KEYWORD3>
			<KEYWORD3>Unpack</KEYWORD3>
			<KEYWORD3>Updatable</KEYWORD3>
			<KEYWORD3>UpdatableFieldList</KEYWORD3>
			<KEYWORD3>Update</KEYWORD3>
			<KEYWORD3>Updated</KEYWORD3>
			<KEYWORD3>UpdateName</KEYWORD3>
			<KEYWORD3>UpdateNameList</KEYWORD3>
			<KEYWORD3>UpdateTrigger</KEYWORD3>
			<KEYWORD3>UpdateType</KEYWORD3>
			<KEYWORD3>Upper</KEYWORD3>
			<KEYWORD3>Upsizing</KEYWORD3>
			<KEYWORD3>Use</KEYWORD3>
			<KEYWORD3>Used</KEYWORD3>
			<KEYWORD3>UseMemoSize</KEYWORD3>
			<KEYWORD3>Val</KEYWORD3>
			<KEYWORD3>Validate</KEYWORD3>
			<KEYWORD3>Values</KEYWORD3>
			<KEYWORD3>Varread</KEYWORD3>
			<KEYWORD3>Version</KEYWORD3>
			<KEYWORD3>Wait</KEYWORD3>
			<KEYWORD3>WaitTime</KEYWORD3>
			<KEYWORD3>Wborder</KEYWORD3>
			<KEYWORD3>Wchild</KEYWORD3>
			<KEYWORD3>Wcols</KEYWORD3>
			<KEYWORD3>Week</KEYWORD3>
			<KEYWORD3>Wexist</KEYWORD3>
			<KEYWORD3>Wfont</KEYWORD3>
			<KEYWORD3>Where</KEYWORD3>
			<KEYWORD3>WhereType</KEYWORD3>
			<KEYWORD3>While</KEYWORD3>
			<KEYWORD3>Windcmd</KEYWORD3>
			<KEYWORD3>Windhelp</KEYWORD3>
			<KEYWORD3>Windmemo</KEYWORD3>
			<KEYWORD3>Windmenu</KEYWORD3>
			<KEYWORD3>Windmodify</KEYWORD3>
			<KEYWORD3>Windquery</KEYWORD3>
			<KEYWORD3>Windscreen</KEYWORD3>
			<KEYWORD3>Windsnip</KEYWORD3>
			<KEYWORD3>Windstproc</KEYWORD3>
			<KEYWORD3>With</KEYWORD3>
			<KEYWORD3>WizardPrompt</KEYWORD3>
			<KEYWORD3>Wlast</KEYWORD3>
			<KEYWORD3>Wlcol</KEYWORD3>
			<KEYWORD3>Wlrow</KEYWORD3>
			<KEYWORD3>Wmaximum</KEYWORD3>
			<KEYWORD3>Wminimum</KEYWORD3>
			<KEYWORD3>Wontop</KEYWORD3>
			<KEYWORD3>Woutput</KEYWORD3>
			<KEYWORD3>Wparent</KEYWORD3>
			<KEYWORD3>Wread</KEYWORD3>
			<KEYWORD3>Wrows</KEYWORD3>
			<KEYWORD3>Wtitle</KEYWORD3>
			<KEYWORD3>Wvisible</KEYWORD3>
			<KEYWORD3>Year</KEYWORD3>
			<KEYWORD3>Zap</KEYWORD3>
			<KEYWORD3>[</KEYWORD3>
			<KEYWORD3>]</KEYWORD3>
			<KEYWORD3>^</KEYWORD3>
			<KEYWORD3>_Alignment</KEYWORD3>
			<KEYWORD3>_Asciicols</KEYWORD3>
			<KEYWORD3>_Asciirows</KEYWORD3>
			<KEYWORD3>_Assist</KEYWORD3>
			<KEYWORD3>_Beautify</KEYWORD3>
			<KEYWORD3>_Box</KEYWORD3>
			<KEYWORD3>_Browser</KEYWORD3>
			<KEYWORD3>_Builder</KEYWORD3>
			<KEYWORD3>_Calcmem</KEYWORD3>
			<KEYWORD3>_Calcvalue</KEYWORD3>
			<KEYWORD3>_Cliptext</KEYWORD3>
			<KEYWORD3>_Converter</KEYWORD3>
			<KEYWORD3>_Curobj</KEYWORD3>
			<KEYWORD3>_Dblclick</KEYWORD3>
			<KEYWORD3>_Diarydate</KEYWORD3>
			<KEYWORD3>_Dos</KEYWORD3>
			<KEYWORD3>_Foxdoc</KEYWORD3>
			<KEYWORD3>_Foxgraph</KEYWORD3>
			<KEYWORD3>_Gengraph</KEYWORD3>
			<KEYWORD3>_Genmenu</KEYWORD3>
			<KEYWORD3>_Genpd</KEYWORD3>
			<KEYWORD3>_Genscrn</KEYWORD3>
			<KEYWORD3>_Genxtab</KEYWORD3>
			<KEYWORD3>_Indent</KEYWORD3>
			<KEYWORD3>_Lmargin</KEYWORD3>
			<KEYWORD3>_Mac</KEYWORD3>
			<KEYWORD3>_Mbrowse</KEYWORD3>
			<KEYWORD3>_Mbr_appnd</KEYWORD3>
			<KEYWORD3>_Mbr_cpart</KEYWORD3>
			<KEYWORD3>_Mbr_delet</KEYWORD3>
			<KEYWORD3>_Mbr_font</KEYWORD3>
			<KEYWORD3>_Mbr_goto</KEYWORD3>
			<KEYWORD3>_Mbr_grid</KEYWORD3>
			<KEYWORD3>_Mbr_link</KEYWORD3>
			<KEYWORD3>_Mbr_mode</KEYWORD3>
			<KEYWORD3>_Mbr_mvfld</KEYWORD3>
			<KEYWORD3>_Mbr_mvprt</KEYWORD3>
			<KEYWORD3>_Mbr_seek</KEYWORD3>
			<KEYWORD3>_Mbr_sp100</KEYWORD3>
			<KEYWORD3>_Mbr_sp200</KEYWORD3>
			<KEYWORD3>_Mbr_szfld</KEYWORD3>
			<KEYWORD3>_Mdata</KEYWORD3>
			<KEYWORD3>_Mda_appnd</KEYWORD3>
			<KEYWORD3>_Mda_avg</KEYWORD3>
			<KEYWORD3>_Mda_brow</KEYWORD3>
			<KEYWORD3>_Mda_calc</KEYWORD3>
			<KEYWORD3>_Mda_copy</KEYWORD3>
			<KEYWORD3>_Mda_count</KEYWORD3>
			<KEYWORD3>_Mda_label</KEYWORD3>
			<KEYWORD3>_Mda_pack</KEYWORD3>
			<KEYWORD3>_Mda_reprt</KEYWORD3>
			<KEYWORD3>_Mda_rindx</KEYWORD3>
			<KEYWORD3>_Mda_setup</KEYWORD3>
			<KEYWORD3>_Mda_sort</KEYWORD3>
			<KEYWORD3>_Mda_sp100</KEYWORD3>
			<KEYWORD3>_Mda_sp200</KEYWORD3>
			<KEYWORD3>_Mda_sp300</KEYWORD3>
			<KEYWORD3>_Mda_sum</KEYWORD3>
			<KEYWORD3>_Mda_total</KEYWORD3>
			<KEYWORD3>_Mdiary</KEYWORD3>
			<KEYWORD3>_Medit</KEYWORD3>
			<KEYWORD3>_Med_clear</KEYWORD3>
			<KEYWORD3>_Med_copy</KEYWORD3>
			<KEYWORD3>_Med_cut</KEYWORD3>
			<KEYWORD3>_Med_cvtst</KEYWORD3>
			<KEYWORD3>_Med_find</KEYWORD3>
			<KEYWORD3>_Med_finda</KEYWORD3>
			<KEYWORD3>_Med_goto</KEYWORD3>
			<KEYWORD3>_Med_insob</KEYWORD3>
			<KEYWORD3>_Med_link</KEYWORD3>
			<KEYWORD3>_Med_obj</KEYWORD3>
			<KEYWORD3>_Med_paste</KEYWORD3>
			<KEYWORD3>_Med_pref</KEYWORD3>
			<KEYWORD3>_Med_pstlk</KEYWORD3>
			<KEYWORD3>_Med_redo</KEYWORD3>
			<KEYWORD3>_Med_repl</KEYWORD3>
			<KEYWORD3>_Med_repla</KEYWORD3>
			<KEYWORD3>_Med_slcta</KEYWORD3>
			<KEYWORD3>_Med_sp100</KEYWORD3>
			<KEYWORD3>_Med_sp200</KEYWORD3>
			<KEYWORD3>_Med_sp300</KEYWORD3>
			<KEYWORD3>_Med_sp400</KEYWORD3>
			<KEYWORD3>_Med_sp500</KEYWORD3>
			<KEYWORD3>_Med_undo</KEYWORD3>
			<KEYWORD3>_Mfile</KEYWORD3>
			<KEYWORD3>_Mfiler</KEYWORD3>
			<KEYWORD3>_Mfirst</KEYWORD3>
			<KEYWORD3>_Mfi_clall</KEYWORD3>
			<KEYWORD3>_Mfi_close</KEYWORD3>
			<KEYWORD3>_Mfi_export</KEYWORD3>
			<KEYWORD3>_Mfi_import</KEYWORD3>
			<KEYWORD3>_Mfi_new</KEYWORD3>
			<KEYWORD3>_Mfi_open</KEYWORD3>
			<KEYWORD3>_Mfi_pgset</KEYWORD3>
			<KEYWORD3>_Mfi_prevu</KEYWORD3>
			<KEYWORD3>_Mfi_print</KEYWORD3>
			<KEYWORD3>_Mfi_quit</KEYWORD3>
			<KEYWORD3>_Mfi_revrt</KEYWORD3>
			<KEYWORD3>_Mfi_savas</KEYWORD3>
			<KEYWORD3>_Mfi_save</KEYWORD3>
			<KEYWORD3>_Mfi_send</KEYWORD3>
			<KEYWORD3>_Mfi_setup</KEYWORD3>
			<KEYWORD3>_Mfi_sp100</KEYWORD3>
			<KEYWORD3>_Mfi_sp200</KEYWORD3>
			<KEYWORD3>_Mfi_sp300</KEYWORD3>
			<KEYWORD3>_Mfi_sp400</KEYWORD3>
			<KEYWORD3>_Mlabel</KEYWORD3>
			<KEYWORD3>_Mlast</KEYWORD3>
			<KEYWORD3>_Mline</KEYWORD3>
			<KEYWORD3>_Mmacro</KEYWORD3>
			<KEYWORD3>_Mmbldr</KEYWORD3>
			<KEYWORD3>_Mprog</KEYWORD3>
			<KEYWORD3>_Mproj</KEYWORD3>
			<KEYWORD3>_Mpr_beaut</KEYWORD3>
			<KEYWORD3>_Mpr_cancl</KEYWORD3>
			<KEYWORD3>_Mpr_compl</KEYWORD3>
			<KEYWORD3>_Mpr_do</KEYWORD3>
			<KEYWORD3>_Mpr_docum</KEYWORD3>
			<KEYWORD3>_Mpr_formwz</KEYWORD3>
			<KEYWORD3>_Mpr_gener</KEYWORD3>
			<KEYWORD3>_Mpr_graph</KEYWORD3>
			<KEYWORD3>_Mpr_resum</KEYWORD3>
			<KEYWORD3>_Mpr_sp100</KEYWORD3>
			<KEYWORD3>_Mpr_sp200</KEYWORD3>
			<KEYWORD3>_Mpr_sp300</KEYWORD3>
			<KEYWORD3>_Mpr_suspend</KEYWORD3>
			<KEYWORD3>_Mrc_appnd</KEYWORD3>
			<KEYWORD3>_Mrc_chnge</KEYWORD3>
			<KEYWORD3>_Mrc_cont</KEYWORD3>
			<KEYWORD3>_Mrc_delet</KEYWORD3>
			<KEYWORD3>_Mrc_goto</KEYWORD3>
			<KEYWORD3>_Mrc_locat</KEYWORD3>
			<KEYWORD3>_Mrc_recal</KEYWORD3>
			<KEYWORD3>_Mrc_repl</KEYWORD3>
			<KEYWORD3>_Mrc_seek</KEYWORD3>
			<KEYWORD3>_Mrc_sp100</KEYWORD3>
			<KEYWORD3>_Mrc_sp200</KEYWORD3>
			<KEYWORD3>_Mrecord</KEYWORD3>
			<KEYWORD3>_Mreport</KEYWORD3>
			<KEYWORD3>_Mrqbe</KEYWORD3>
			<KEYWORD3>_Mscreen</KEYWORD3>
			<KEYWORD3>_Msm_data</KEYWORD3>
			<KEYWORD3>_Msm_edit</KEYWORD3>
			<KEYWORD3>_Msm_file</KEYWORD3>
			<KEYWORD3>_Msm_format</KEYWORD3>
			<KEYWORD3>_Msm_prog</KEYWORD3>
			<KEYWORD3>_Msm_recrd</KEYWORD3>
			<KEYWORD3>_Msm_systm</KEYWORD3>
			<KEYWORD3>_Msm_text</KEYWORD3>
			<KEYWORD3>_Msm_tools</KEYWORD3>
			<KEYWORD3>_Msm_view</KEYWORD3>
			<KEYWORD3>_Msm_windo</KEYWORD3>
			<KEYWORD3>_Mst_about</KEYWORD3>
			<KEYWORD3>_Mst_ascii</KEYWORD3>
			<KEYWORD3>_Mst_calcu</KEYWORD3>
			<KEYWORD3>_Mst_captr</KEYWORD3>
			<KEYWORD3>_Mst_dbase</KEYWORD3>
			<KEYWORD3>_Mst_diary</KEYWORD3>
			<KEYWORD3>_Mst_filer</KEYWORD3>
			<KEYWORD3>_Mst_help</KEYWORD3>
			<KEYWORD3>_Mst_hphow</KEYWORD3>
			<KEYWORD3>_Mst_hpsch</KEYWORD3>
			<KEYWORD3>_Mst_macro</KEYWORD3>
			<KEYWORD3>_Mst_office</KEYWORD3>
			<KEYWORD3>_Mst_puzzl</KEYWORD3>
			<KEYWORD3>_Mst_sp100</KEYWORD3>
			<KEYWORD3>_Mst_sp200</KEYWORD3>
			<KEYWORD3>_Mst_sp300</KEYWORD3>
			<KEYWORD3>_Mst_specl</KEYWORD3>
			<KEYWORD3>_Msysmenu</KEYWORD3>
			<KEYWORD3>_Msystem</KEYWORD3>
			<KEYWORD3>_Mtable</KEYWORD3>
			<KEYWORD3>_Mtb_appnd</KEYWORD3>
			<KEYWORD3>_Mtb_cpart</KEYWORD3>
			<KEYWORD3>_Mtb_delet</KEYWORD3>
			<KEYWORD3>_Mtb_delrc</KEYWORD3>
			<KEYWORD3>_Mtb_goto</KEYWORD3>
			<KEYWORD3>_Mtb_link</KEYWORD3>
			<KEYWORD3>_Mtb_mvfld</KEYWORD3>
			<KEYWORD3>_Mtb_mvprt</KEYWORD3>
			<KEYWORD3>_Mtb_props</KEYWORD3>
			<KEYWORD3>_Mtb_recal</KEYWORD3>
			<KEYWORD3>_Mtb_sp100</KEYWORD3>
			<KEYWORD3>_Mtb_sp200</KEYWORD3>
			<KEYWORD3>_Mtb_sp300</KEYWORD3>
			<KEYWORD3>_Mtb_sp400</KEYWORD3>
			<KEYWORD3>_Mtb_szfld</KEYWORD3>
			<KEYWORD3>_Mwindow</KEYWORD3>
			<KEYWORD3>_Mwizards</KEYWORD3>
			<KEYWORD3>_Mwi_arran</KEYWORD3>
			<KEYWORD3>_Mwi_clear</KEYWORD3>
			<KEYWORD3>_Mwi_cmd</KEYWORD3>
			<KEYWORD3>_Mwi_color</KEYWORD3>
			<KEYWORD3>_Mwi_debug</KEYWORD3>
			<KEYWORD3>_Mwi_hide</KEYWORD3>
			<KEYWORD3>_Mwi_hidea</KEYWORD3>
			<KEYWORD3>_Mwi_min</KEYWORD3>
			<KEYWORD3>_Mwi_move</KEYWORD3>
			<KEYWORD3>_Mwi_rotat</KEYWORD3>
			<KEYWORD3>_Mwi_showa</KEYWORD3>
			<KEYWORD3>_Mwi_size</KEYWORD3>
			<KEYWORD3>_Mwi_sp100</KEYWORD3>
			<KEYWORD3>_Mwi_sp200</KEYWORD3>
			<KEYWORD3>_Mwi_toolb</KEYWORD3>
			<KEYWORD3>_Mwi_trace</KEYWORD3>
			<KEYWORD3>_Mwi_view</KEYWORD3>
			<KEYWORD3>_Mwi_zoom</KEYWORD3>
			<KEYWORD3>_Mwz_all</KEYWORD3>
			<KEYWORD3>_Mwz_form</KEYWORD3>
			<KEYWORD3>_Mwz_foxdoc</KEYWORD3>
			<KEYWORD3>_Mwz_import</KEYWORD3>
			<KEYWORD3>_Mwz_label</KEYWORD3>
			<KEYWORD3>_Mwz_mail</KEYWORD3>
			<KEYWORD3>_Mwz_pivot</KEYWORD3>
			<KEYWORD3>_Mwz_query</KEYWORD3>
			<KEYWORD3>_Mwz_reprt</KEYWORD3>
			<KEYWORD3>_Mwz_setup</KEYWORD3>
			<KEYWORD3>_Mwz_table</KEYWORD3>
			<KEYWORD3>_Mwz_upsizing</KEYWORD3>
			<KEYWORD3>_Netware</KEYWORD3>
			<KEYWORD3>_Oracle</KEYWORD3>
			<KEYWORD3>_Padvance</KEYWORD3>
			<KEYWORD3>_Pageno</KEYWORD3>
			<KEYWORD3>_Pbpage</KEYWORD3>
			<KEYWORD3>_Pcolno</KEYWORD3>
			<KEYWORD3>_Pcopies</KEYWORD3>
			<KEYWORD3>_Pdparms</KEYWORD3>
			<KEYWORD3>_Pdriver</KEYWORD3>
			<KEYWORD3>_Pdsetup</KEYWORD3>
			<KEYWORD3>_Pecode</KEYWORD3>
			<KEYWORD3>_Peject</KEYWORD3>
			<KEYWORD3>_Pepage</KEYWORD3>
			<KEYWORD3>_Pform</KEYWORD3>
			<KEYWORD3>_Plength</KEYWORD3>
			<KEYWORD3>_Plineno</KEYWORD3>
			<KEYWORD3>_Ploffset</KEYWORD3>
			<KEYWORD3>_Ppitch</KEYWORD3>
			<KEYWORD3>_Pquality</KEYWORD3>
			<KEYWORD3>_Pretext</KEYWORD3>
			<KEYWORD3>_Pscode</KEYWORD3>
			<KEYWORD3>_Pspacing</KEYWORD3>
			<KEYWORD3>_Pwait</KEYWORD3>
			<KEYWORD3>_Rmargin</KEYWORD3>
			<KEYWORD3>_Screen</KEYWORD3>
			<KEYWORD3>_Shell</KEYWORD3>
			<KEYWORD3>_Spellchk</KEYWORD3>
			<KEYWORD3>_Sqlserver</KEYWORD3>
			<KEYWORD3>_Startup</KEYWORD3>
			<KEYWORD3>_Tabs</KEYWORD3>
			<KEYWORD3>_Tally</KEYWORD3>
			<KEYWORD3>_Text</KEYWORD3>
			<KEYWORD3>_Throttle</KEYWORD3>
			<KEYWORD3>_Transport</KEYWORD3>
			<KEYWORD3>_Triggerlevel</KEYWORD3>
			<KEYWORD3>_Unix</KEYWORD3>
			<KEYWORD3>_Windows</KEYWORD3>
			<KEYWORD3>_Wizard</KEYWORD3>
			<KEYWORD3>_Wrap</KEYWORD3>
			<KEYWORD3>French</KEYWORD3>
			<KEYWORD3>German</KEYWORD3>
			<KEYWORD3>Italian</KEYWORD3>
			<KEYWORD3>Japan</KEYWORD3>
			<KEYWORD3>Usa</KEYWORD3>
			<KEYWORD3>Lparameter</KEYWORD3>
			<KEYWORD3>This</KEYWORD3>
			<KEYWORD3>Thisform</KEYWORD3>
			<KEYWORD3>Thisformset</KEYWORD3>
			<KEYWORD3>F</KEYWORD3>
			<KEYWORD3>T</KEYWORD3>
			<KEYWORD3>N</KEYWORD3>
			<KEYWORD3>Y</KEYWORD3>
			<KEYWORD3>OlePublic</KEYWORD3>
			<KEYWORD3>Hidden</KEYWORD3>
			<KEYWORD3>Each</KEYWORD3>
			<KEYWORD3>DoEvents</KEYWORD3>
			<KEYWORD3>Dll</KEYWORD3>
			<KEYWORD3>Outer</KEYWORD3>
			<KEYWORD3>At_c</KEYWORD3>
			<KEYWORD3>Atcc</KEYWORD3>
			<KEYWORD3>Ratc</KEYWORD3>
			<KEYWORD3>Leftc</KEYWORD3>
			<KEYWORD3>Rightc</KEYWORD3>
			<KEYWORD3>Substrc</KEYWORD3>
			<KEYWORD3>Stuffc</KEYWORD3>
			<KEYWORD3>Lenc</KEYWORD3>
			<KEYWORD3>Chrtranc</KEYWORD3>
			<KEYWORD3>IsLeadByte</KEYWORD3>
			<KEYWORD3>IMEStatus</KEYWORD3>
			<KEYWORD3>Strconv</KEYWORD3>
			<KEYWORD3>BinToC</KEYWORD3>
			<KEYWORD3>CToBin</KEYWORD3>
			<KEYWORD3>IsFLocked</KEYWORD3>
			<KEYWORD3>IsRLocked</KEYWORD3>
			<KEYWORD3>LoadPicture</KEYWORD3>
			<KEYWORD3>SavePicture</KEYWORD3>
			<KEYWORD3>Assert</KEYWORD3>
			<KEYWORD3>DoDefault</KEYWORD3>
			<KEYWORD3>_WebMenu</KEYWORD3>
			<KEYWORD3>_scctext</KEYWORD3>
			<KEYWORD3>_WebVFPHomePage</KEYWORD3>
			<KEYWORD3>_WebVfpOnlineSupport</KEYWORD3>
			<KEYWORD3>_WebDevOnly</KEYWORD3>
			<KEYWORD3>_WebMsftHomePage</KEYWORD3>
			<KEYWORD3>_Coverage</KEYWORD3>
			<KEYWORD3>_vfp</KEYWORD3>
			<KEYWORD3>Bintoc</KEYWORD3>
			<KEYWORD3>Resources</KEYWORD3>
			<KEYWORD3>Ctobin</KEYWORD3>
			<KEYWORD3>Createoffline</KEYWORD3>
			<KEYWORD3>Debugout</KEYWORD3>
			<KEYWORD3>Doevents</KEYWORD3>
			<KEYWORD3>Dropoffline</KEYWORD3>
			<KEYWORD3>Each</KEYWORD3>
			<KEYWORD3>Isflocked</KEYWORD3>
			<KEYWORD3>Isrlocked</KEYWORD3>
			<KEYWORD3>Loadpicture</KEYWORD3>
			<KEYWORD3>Revertoffline</KEYWORD3>
			<KEYWORD3>Savepicture</KEYWORD3>
			<KEYWORD3>Asserts</KEYWORD3>
			<KEYWORD3>Coverage</KEYWORD3>
			<KEYWORD3>Eventtracking</KEYWORD3>
			<KEYWORD3>DBGetProp</KEYWORD3>
			<KEYWORD3>DBSetProp</KEYWORD3>
			<KEYWORD3>CursorGetProp</KEYWORD3>
			<KEYWORD3>CursorSetProp</KEYWORD3>
			<KEYWORD3>Addbs</KEYWORD3>
			<KEYWORD3>Agetclass</KEYWORD3>
			<KEYWORD3>Agetfileversion</KEYWORD3>
			<KEYWORD3>Alines</KEYWORD3>
			<KEYWORD3>Amouseobj</KEYWORD3>
			<KEYWORD3>Anetresources</KEYWORD3>
			<KEYWORD3>Avcxclasses</KEYWORD3>
			<KEYWORD3>Comclassinfo</KEYWORD3>
			<KEYWORD3>Createobjectex</KEYWORD3>
			<KEYWORD3>Defaultext</KEYWORD3>
			<KEYWORD3>Drivetype</KEYWORD3>
			<KEYWORD3>Filetostr</KEYWORD3>
			<KEYWORD3>Forceext</KEYWORD3>
			<KEYWORD3>Forcepath</KEYWORD3>
			<KEYWORD3>Gethost</KEYWORD3>
			<KEYWORD3>Indexseek</KEYWORD3>
			<KEYWORD3>Ishosted</KEYWORD3>
			<KEYWORD3>Justdrive</KEYWORD3>
			<KEYWORD3>Justext</KEYWORD3>
			<KEYWORD3>Justfname</KEYWORD3>
			<KEYWORD3>Justpath</KEYWORD3>
			<KEYWORD3>Juststem</KEYWORD3>
			<KEYWORD3>Newobject</KEYWORD3>
			<KEYWORD3>Olereturnerror</KEYWORD3>
			<KEYWORD3>Strtofile</KEYWORD3>
			<KEYWORD3>Vartype</KEYWORD3>
			<KEYWORD3>_Coverage</KEYWORD3>
			<KEYWORD3>_Gallery</KEYWORD3>
			<KEYWORD3>_Genhtml</KEYWORD3>
			<KEYWORD3>_Getexpr</KEYWORD3>
			<KEYWORD3>_Include</KEYWORD3>
			<KEYWORD3>_Runactivedoc</KEYWORD3>
			<KEYWORD3>ProjectHook</KEYWORD3>
			<KEYWORD3>ActiveDoc</KEYWORD3>
			<KEYWORD3>HyperLink</KEYWORD3>
			<KEYWORD3>Session</KEYWORD3>
			<KEYWORD3>Mtdll</KEYWORD3>

			<!-- New in Visual Foxpro 8.0 -->
			<KEYWORD3>ADOCKTIP</KEYWORD3>
			<KEYWORD3>ADirtip</KEYWORD3>
			<KEYWORD3>ADockState</KEYWORD3>
			<KEYWORD3>AEvents</KEYWORD3>
			<KEYWORD3>AFONTTIP</KEYWORD3>
			<KEYWORD3>ALanguage</KEYWORD3>
			<KEYWORD3>AProcInfo</KEYWORD3>
			<KEYWORD3>AStackInfo</KEYWORD3>
			<KEYWORD3>ATagInfo</KEYWORD3>
			<KEYWORD3>Adlls</KEYWORD3>
			<KEYWORD3>Alentip</KEYWORD3>
			<KEYWORD3>Amemberstip</KEYWORD3>
			<KEYWORD3>Amemberstip2</KEYWORD3>
			<KEYWORD3>Ascantip</KEYWORD3>
			<KEYWORD3>Aselobjtip</KEYWORD3>
			<KEYWORD3>Asessions</KEYWORD3>
			<KEYWORD3>Asorttip</KEYWORD3>
			<KEYWORD3>Asorttip2</KEYWORD3>
			<KEYWORD3>BINDEVENTTIP</KEYWORD3>
			<KEYWORD3>BindEvent</KEYWORD3>
			<KEYWORD3>COMARRAYTIP</KEYWORD3>
			<KEYWORD3>COMPROPTIP</KEYWORD3>
			<KEYWORD3>Candidate</KEYWORD3>
			<KEYWORD3>Cdx</KEYWORD3>
			<KEYWORD3>ComArray</KEYWORD3>
			<KEYWORD3>ComReturnError</KEYWORD3>
			<KEYWORD3>Comprop</KEYWORD3>
			<KEYWORD3>CreateBinary</KEYWORD3>
			<KEYWORD3>CursorToXML</KEYWORD3>
			<KEYWORD3>DIRTIP</KEYWORD3>
			<KEYWORD3>Descending</KEYWORD3>
			<KEYWORD3>DisplayPath</KEYWORD3>
			<KEYWORD3>EditSource</KEYWORD3>
			<KEYWORD3>EventHandler</KEYWORD3>
			<KEYWORD3>Evl</KEYWORD3>
			<KEYWORD3>ExecScript</KEYWORD3>
			<KEYWORD3>FCREATETIP</KEYWORD3>
			<KEYWORD3>FIELDTIP</KEYWORD3>
			<KEYWORD3>FILETIP</KEYWORD3>
			<KEYWORD3>FOPENTIP</KEYWORD3>
			<KEYWORD3>FSEEKTIP</KEYWORD3>
			<KEYWORD3>Fdate</KEYWORD3>
			<KEYWORD3>Ftime</KEYWORD3>
			<KEYWORD3>GetCursorAdapter</KEYWORD3>
			<KEYWORD3>GetInterface</KEYWORD3>
			<KEYWORD3>GetPem</KEYWORD3>
			<KEYWORD3>GetWordCount</KEYWORD3>
			<KEYWORD3>GetWordNum</KEYWORD3>
			<KEYWORD3>InputBox</KEYWORD3>
			<KEYWORD3>IsBlank</KEYWORD3>
			<KEYWORD3>IsMouse</KEYWORD3>
			<KEYWORD3>Like</KEYWORD3>
			<KEYWORD3>Likec</KEYWORD3>
			<KEYWORD3>Memory</KEYWORD3>
			<KEYWORD3>Msgboxtip</KEYWORD3>
			<KEYWORD3>Pcount</KEYWORD3>
			<KEYWORD3>PemStatus</KEYWORD3>
			<KEYWORD3>Popup</KEYWORD3>
			<KEYWORD3>Quarter</KEYWORD3>
			<KEYWORD3>RaiseEvent</KEYWORD3>
			<KEYWORD3>RemoveProperty</KEYWORD3>
			<KEYWORD3>SQLCancel</KEYWORD3>
			<KEYWORD3>SQLColumns</KEYWORD3>
			<KEYWORD3>SQLDisconnect</KEYWORD3>
			<KEYWORD3>SQLExec</KEYWORD3>
			<KEYWORD3>SQLGetProp</KEYWORD3>
			<KEYWORD3>SQLMoreResults</KEYWORD3>
			<KEYWORD3>SQLPrepare</KEYWORD3>
			<KEYWORD3>SQLSetProp</KEYWORD3>
			<KEYWORD3>SQLTables</KEYWORD3>
			<KEYWORD3>STRTOFILETIP</KEYWORD3>
			<KEYWORD3>Seconds</KEYWORD3>
			<KEYWORD3>StrExTip</KEYWORD3>
			<KEYWORD3>StrExtract</KEYWORD3>
			<KEYWORD3>Strtrantip</KEYWORD3>
			<KEYWORD3>Tagcount</KEYWORD3>
			<KEYWORD3>Tagno</KEYWORD3>
			<KEYWORD3>Textmerge</KEYWORD3>
			<KEYWORD3>Try</KEYWORD3>
			<KEYWORD3>UnBindEvents</KEYWORD3>
			<KEYWORD3>WDockable</KEYWORD3>
			<KEYWORD3>XMLTIP</KEYWORD3>
			<KEYWORD3>XMLTIP2</KEYWORD3>
			<KEYWORD3>XMLTIP3</KEYWORD3>
			<KEYWORD3>XMLTIP4</KEYWORD3>
			<KEYWORD3>XMLTIP5</KEYWORD3>
			<KEYWORD3>XMLTIP6</KEYWORD3>
			<KEYWORD3>XMLToCursor</KEYWORD3>
			<KEYWORD3>XMLUpdategram</KEYWORD3>
			<KEYWORD3>Blank</KEYWORD3>
			<KEYWORD3>Catch</KEYWORD3>
			<KEYWORD3>Dotip</KEYWORD3>
			<KEYWORD3>EndTry</KEYWORD3>
			<KEYWORD3>Finally</KEYWORD3>
			<KEYWORD3>Implements</KEYWORD3>
			<KEYWORD3>Opendatatip</KEYWORD3>
			<KEYWORD3>Repltip</KEYWORD3>
			<KEYWORD3>Throw</KEYWORD3>
			<KEYWORD3>Usetip</KEYWORD3>

		</KEYWORDS>
	</RULES>
</MODE>
