<?xml version="1.0"?>

<!DOCTYPE MODE SYSTEM "xmode.dtd">

<MODE>
	<PROPS>
		<PROPERTY NAME="commentStart" VALUE="/*" />
		<PROPERTY NAME="commentEnd" VALUE="*/" />
		<PROPERTY NAME="lineComment" VALUE="--" />
	</PROPS>
	<RULES IGNORE_CASE="TRUE" HIGHLIGHT_DIGITS="TRUE">
		<SPAN TYPE="COMMENT1">
			<BEGIN>/*</BEGIN>
			<END>*/</END>
		</SPAN>

		<SPAN TYPE="LITERAL1" ESCAPE="\">
			<BEGIN>"</BEGIN>
			<END>"</END>
		</SPAN>
		<SPAN TYPE="LITERAL1" ESCAPE="\">
			<BEGIN>'</BEGIN>
			<END>'</END>
		</SPAN>
		<SPAN TYPE="LITERAL1" NO_LINE_BREAK="TRUE" ESCAPE="\">
			<BEGIN>[</BEGIN>
			<END>]</END>
		</SPAN>

		<!-- Identifier -->
		<SPAN TYPE="LITERAL2" ESCAPE="\">
			<BEGIN>`</BEGIN>
			<END>`</END>
		</SPAN>

		<MARK_PREVIOUS TYPE="FUNCTION"
			MATCH_TYPE="OPERATOR">(</MARK_PREVIOUS>
		<SEQ TYPE="OPERATOR">)</SEQ>

		<EOL_SPAN TYPE="COMMENT1">--</EOL_SPAN>
		<SEQ TYPE="OPERATOR">+</SEQ>
		<SEQ TYPE="OPERATOR">-</SEQ>
		<SEQ TYPE="OPERATOR">/</SEQ>
		<SEQ TYPE="OPERATOR">*</SEQ>
		<SEQ TYPE="OPERATOR">=</SEQ>
		<SEQ TYPE="OPERATOR">&gt;</SEQ>
		<SEQ TYPE="OPERATOR">&lt;</SEQ>
		<SEQ TYPE="OPERATOR">%</SEQ>
		<SEQ TYPE="OPERATOR">&amp;</SEQ>
		<SEQ TYPE="OPERATOR">|</SEQ>
		<SEQ TYPE="OPERATOR">^</SEQ>
		<SEQ TYPE="OPERATOR">~</SEQ>
		<SEQ TYPE="OPERATOR">!=</SEQ>
		<SEQ TYPE="OPERATOR">!&gt;</SEQ>
		<SEQ TYPE="OPERATOR">!&lt;</SEQ>
		<SEQ TYPE="OPERATOR">::</SEQ>
		<MARK_PREVIOUS TYPE="LABEL" AT_LINE_START="TRUE">:</MARK_PREVIOUS>

		<MARK_FOLLOWING TYPE="LITERAL2">@</MARK_FOLLOWING>

		<KEYWORDS>
			<!-- reserved words -->
			<KEYWORD1>ABSOLUTE</KEYWORD1>
			<KEYWORD1>ADD</KEYWORD1>
			<KEYWORD1>ALTER</KEYWORD1>
			<KEYWORD1>ANSI_NULLS</KEYWORD1>
			<KEYWORD1>AS</KEYWORD1>
			<KEYWORD1>ASC</KEYWORD1>
			<KEYWORD1>AUTHORIZATION</KEYWORD1>
			<KEYWORD1>BACKUP</KEYWORD1>
			<KEYWORD1>BEGIN</KEYWORD1>
			<KEYWORD1>BREAK</KEYWORD1>
			<KEYWORD1>BROWSE</KEYWORD1>
			<KEYWORD1>BULK</KEYWORD1>
			<KEYWORD1>BY</KEYWORD1>
			<KEYWORD1>CASCADE</KEYWORD1>
			<KEYWORD1>CHECK</KEYWORD1>
			<KEYWORD1>CHECKPOINT</KEYWORD1>
			<KEYWORD1>CLOSE</KEYWORD1>
			<KEYWORD1>CLUSTERED</KEYWORD1>
			<KEYWORD1>COLUMN</KEYWORD1>
			<KEYWORD1>COMMIT</KEYWORD1>
			<KEYWORD1>COMMITTED</KEYWORD1>
			<KEYWORD1>COMPUTE</KEYWORD1>
			<KEYWORD1>CONFIRM</KEYWORD1>
			<KEYWORD1>CONSTRAINT</KEYWORD1>
			<KEYWORD1>CONTAINS</KEYWORD1>
			<KEYWORD1>CONTAINSTABLE</KEYWORD1>
			<KEYWORD1>CONTINUE</KEYWORD1>
			<KEYWORD1>CONTROLROW</KEYWORD1>
			<KEYWORD1>CREATE</KEYWORD1>
			<KEYWORD1>CURRENT</KEYWORD1>
			<KEYWORD1>CURRENT_DATE</KEYWORD1>
			<KEYWORD1>CURRENT_TIME</KEYWORD1>
			<KEYWORD1>CURSOR</KEYWORD1>
			<KEYWORD1>DATABASE</KEYWORD1>
			<KEYWORD1>DBCC</KEYWORD1>
			<KEYWORD1>DEALLOCATE</KEYWORD1>
			<KEYWORD1>DECLARE</KEYWORD1>
			<KEYWORD1>DEFAULT</KEYWORD1>
			<KEYWORD1>DELETE</KEYWORD1>
			<KEYWORD1>DENY</KEYWORD1>
			<KEYWORD1>DESC</KEYWORD1>
			<KEYWORD1>DISK</KEYWORD1>
			<KEYWORD1>DISTINCT</KEYWORD1>
			<KEYWORD1>DISTRIBUTED</KEYWORD1>
			<KEYWORD1>DOUBLE</KEYWORD1>
			<KEYWORD1>DROP</KEYWORD1>
			<KEYWORD1>DUMMY</KEYWORD1>
			<KEYWORD1>DUMP</KEYWORD1>
			<KEYWORD1>DYNAMIC</KEYWORD1>
			<KEYWORD1>ELSE</KEYWORD1>
			<KEYWORD1>END</KEYWORD1>
			<KEYWORD1>ERRLVL</KEYWORD1>
			<KEYWORD1>ERROREXIT</KEYWORD1>
			<KEYWORD1>ESCAPE</KEYWORD1>
			<KEYWORD1>EXCEPT</KEYWORD1>
			<KEYWORD1>EXEC</KEYWORD1>
			<KEYWORD1>EXECUTE</KEYWORD1>
			<KEYWORD1>EXIT</KEYWORD1>
			<KEYWORD1>FAST_FORWARD</KEYWORD1>
			<KEYWORD1>FETCH</KEYWORD1>
			<KEYWORD1>FILE</KEYWORD1>
			<KEYWORD1>FILLFACTOR</KEYWORD1>
			<KEYWORD1>FIRST</KEYWORD1>
			<KEYWORD1>FLOPPY</KEYWORD1>
			<KEYWORD1>FOR</KEYWORD1>
			<KEYWORD1>FOREIGN</KEYWORD1>
			<KEYWORD1>FORWARD_ONLY</KEYWORD1>
			<KEYWORD1>FREETEXT</KEYWORD1>
			<KEYWORD1>FREETEXTTABLE</KEYWORD1>
			<KEYWORD1>FROM</KEYWORD1>
			<KEYWORD1>FULL</KEYWORD1>
			<KEYWORD1>FUNCTION</KEYWORD1>
			<KEYWORD1>GLOBAL</KEYWORD1>
			<KEYWORD1>GOTO</KEYWORD1>
			<KEYWORD1>GRANT</KEYWORD1>
			<KEYWORD1>GROUP</KEYWORD1>
			<KEYWORD1>HAVING</KEYWORD1>
			<KEYWORD1>HOLDLOCK</KEYWORD1>
			<KEYWORD1>ID</KEYWORD1>
			<KEYWORD1>IDENTITYCOL</KEYWORD1>
			<KEYWORD1>IDENTITY_INSERT</KEYWORD1>
			<KEYWORD1>IF</KEYWORD1>
			<KEYWORD1>INDEX</KEYWORD1>
			<KEYWORD1>INNER</KEYWORD1>
			<KEYWORD1>INSENSITIVE</KEYWORD1>
			<KEYWORD1>INSERT</KEYWORD1>
			<KEYWORD1>INTO</KEYWORD1>
			<KEYWORD1>IS</KEYWORD1>
			<KEYWORD1>ISOLATION</KEYWORD1>
			<KEYWORD1>KEY</KEYWORD1>
			<KEYWORD1>KEYSET</KEYWORD1>
			<KEYWORD1>KILL</KEYWORD1>
			<KEYWORD1>LAST</KEYWORD1>
			<KEYWORD1>LEVEL</KEYWORD1>
			<KEYWORD1>LINENO</KEYWORD1>
			<KEYWORD1>LOAD</KEYWORD1>
			<KEYWORD1>LOCAL</KEYWORD1>
			<KEYWORD1>MAX</KEYWORD1>
			<KEYWORD1>MIN</KEYWORD1>
			<KEYWORD1>MIRROREXIT</KEYWORD1>
			<KEYWORD1>NATIONAL</KEYWORD1>
			<KEYWORD1>NEXT</KEYWORD1>
			<KEYWORD1>NOCHECK</KEYWORD1>
			<KEYWORD1>NONCLUSTERED</KEYWORD1>
			<KEYWORD1>OF</KEYWORD1>
			<KEYWORD1>OFF</KEYWORD1>
			<KEYWORD1>OFFSETS</KEYWORD1>
			<KEYWORD1>ON</KEYWORD1>
			<KEYWORD1>ONCE</KEYWORD1>
			<KEYWORD1>ONLY</KEYWORD1>
			<KEYWORD1>OPEN</KEYWORD1>
			<KEYWORD1>OPENDATASOURCE</KEYWORD1>
			<KEYWORD1>OPENQUERY</KEYWORD1>
			<KEYWORD1>OPENROWSET</KEYWORD1>
			<KEYWORD1>OPTIMISTIC</KEYWORD1>
			<KEYWORD1>OPTION</KEYWORD1>
			<KEYWORD1>ORDER</KEYWORD1>
			<KEYWORD1>OUTPUT</KEYWORD1>
			<KEYWORD1>OVER</KEYWORD1>
			<KEYWORD1>PERCENT</KEYWORD1>
			<KEYWORD1>PERM</KEYWORD1>
			<KEYWORD1>PERMANENT</KEYWORD1>
			<KEYWORD1>PIPE</KEYWORD1>
			<KEYWORD1>PLAN</KEYWORD1>
			<KEYWORD1>PRECISION</KEYWORD1>
			<KEYWORD1>PREPARE</KEYWORD1>
			<KEYWORD1>PRIMARY</KEYWORD1>
			<KEYWORD1>PRINT</KEYWORD1>
			<KEYWORD1>PRIOR</KEYWORD1>
			<KEYWORD1>PRIVILEGES</KEYWORD1>
			<KEYWORD1>PROC</KEYWORD1>
			<KEYWORD1>PROCEDURE</KEYWORD1>
			<KEYWORD1>PROCESSEXIT</KEYWORD1>
			<KEYWORD1>PUBLIC</KEYWORD1>
			<KEYWORD1>QUOTED_IDENTIFIER</KEYWORD1>
			<KEYWORD1>RAISERROR</KEYWORD1>
			<KEYWORD1>READ</KEYWORD1>
			<KEYWORD1>READTEXT</KEYWORD1>
			<KEYWORD1>READ_ONLY</KEYWORD1>
			<KEYWORD1>RECONFIGURE</KEYWORD1>
			<KEYWORD1>REFERENCES</KEYWORD1>
			<KEYWORD1>RELATIVE</KEYWORD1>
			<KEYWORD1>REPEATABLE</KEYWORD1>
			<KEYWORD1>REPLICATION</KEYWORD1>
			<KEYWORD1>RESTORE</KEYWORD1>
			<KEYWORD1>RESTRICT</KEYWORD1>
			<KEYWORD1>RETURN</KEYWORD1>
			<KEYWORD1>RETURNS</KEYWORD1>
			<KEYWORD1>REVOKE</KEYWORD1>
			<KEYWORD1>ROLLBACK</KEYWORD1>
			<KEYWORD1>ROWGUIDCOL</KEYWORD1>
			<KEYWORD1>RULE</KEYWORD1>
			<KEYWORD1>SAVE</KEYWORD1>
			<KEYWORD1>SCHEMA</KEYWORD1>
			<KEYWORD1>SCROLL</KEYWORD1>
			<KEYWORD1>SCROLL_LOCKS</KEYWORD1>
			<KEYWORD1>SELECT</KEYWORD1>
			<KEYWORD1>SERIALIZABLE</KEYWORD1>
			<KEYWORD1>SET</KEYWORD1>
			<KEYWORD1>SETUSER</KEYWORD1>
			<KEYWORD1>SHUTDOWN</KEYWORD1>
			<KEYWORD1>STATIC</KEYWORD1>
			<KEYWORD1>STATISTICS</KEYWORD1>
			<KEYWORD1>TABLE</KEYWORD1>
			<KEYWORD1>TAPE</KEYWORD1>
			<KEYWORD1>TEMP</KEYWORD1>
			<KEYWORD1>TEMPORARY</KEYWORD1>
			<KEYWORD1>TEXTIMAGE_ON</KEYWORD1>
			<KEYWORD1>THEN</KEYWORD1>
			<KEYWORD1>TO</KEYWORD1>
			<KEYWORD1>TOP</KEYWORD1>
			<KEYWORD1>TRAN</KEYWORD1>
			<KEYWORD1>TRANSACTION</KEYWORD1>
			<KEYWORD1>TRIGGER</KEYWORD1>
			<KEYWORD1>TRUNCATE</KEYWORD1>
			<KEYWORD1>TSEQUAL</KEYWORD1>
			<KEYWORD1>UNCOMMITTED</KEYWORD1>
			<KEYWORD1>UNION</KEYWORD1>
			<KEYWORD1>UNIQUE</KEYWORD1>
			<KEYWORD1>UPDATE</KEYWORD1>
			<KEYWORD1>UPDATETEXT</KEYWORD1>
			<KEYWORD1>USE</KEYWORD1>
			<KEYWORD1>VALUES</KEYWORD1>
			<KEYWORD1>VARYING</KEYWORD1>
			<KEYWORD1>VIEW</KEYWORD1>
			<KEYWORD1>WAITFOR</KEYWORD1>
			<KEYWORD1>WHEN</KEYWORD1>
			<KEYWORD1>WHERE</KEYWORD1>
			<KEYWORD1>WHILE</KEYWORD1>
			<KEYWORD1>WITH</KEYWORD1>
			<KEYWORD1>WORK</KEYWORD1>
			<KEYWORD1>WRITETEXT</KEYWORD1>

			<!-- data types -->
			<KEYWORD1>binary</KEYWORD1>
			<KEYWORD1>bit</KEYWORD1>
			<KEYWORD1>char</KEYWORD1>
			<KEYWORD1>character</KEYWORD1>
			<KEYWORD1>datetime</KEYWORD1>
			<KEYWORD1>decimal</KEYWORD1>
			<KEYWORD1>float</KEYWORD1>
			<KEYWORD1>image</KEYWORD1>
			<KEYWORD1>int</KEYWORD1>
			<KEYWORD1>integer</KEYWORD1>
			<KEYWORD1>money</KEYWORD1>
			<KEYWORD1>name</KEYWORD1>
			<KEYWORD1>numeric</KEYWORD1>
			<KEYWORD1>nchar</KEYWORD1>
			<KEYWORD1>nvarchar</KEYWORD1>
			<KEYWORD1>ntext</KEYWORD1>
			<KEYWORD1>real</KEYWORD1>
			<KEYWORD1>smalldatetime</KEYWORD1>
			<KEYWORD1>smallint</KEYWORD1>
			<KEYWORD1>smallmoney</KEYWORD1>
			<KEYWORD1>text</KEYWORD1>
			<KEYWORD1>timestamp</KEYWORD1>
			<KEYWORD1>tinyint</KEYWORD1>
			<KEYWORD1>uniqueidentifier</KEYWORD1>
			<KEYWORD1>varbinary</KEYWORD1>
			<KEYWORD1>varchar</KEYWORD1>

			<!-- system functions -->
			<KEYWORD2>@@CONNECTIONS</KEYWORD2>
			<KEYWORD2>@@CPU_BUSY</KEYWORD2>
			<KEYWORD2>@@CURSOR_ROWS</KEYWORD2>
			<KEYWORD2>@@DATEFIRST</KEYWORD2>
			<KEYWORD2>@@DBTS</KEYWORD2>
			<KEYWORD2>@@ERROR</KEYWORD2>
			<KEYWORD2>@@FETCH_STATUS</KEYWORD2>
			<KEYWORD2>@@IDENTITY</KEYWORD2>
			<KEYWORD2>@@IDLE</KEYWORD2>
			<KEYWORD2>@@IO_BUSY</KEYWORD2>
			<KEYWORD2>@@LANGID</KEYWORD2>
			<KEYWORD2>@@LANGUAGE</KEYWORD2>
			<KEYWORD2>@@LOCK_TIMEOUT</KEYWORD2>
			<KEYWORD2>@@MAX_CONNECTIONS</KEYWORD2>
			<KEYWORD2>@@MAX_PRECISION</KEYWORD2>
			<KEYWORD2>@@NESTLEVEL</KEYWORD2>
			<KEYWORD2>@@OPTIONS</KEYWORD2>
			<KEYWORD2>@@PACKET_ERRORS</KEYWORD2>
			<KEYWORD2>@@PACK_RECEIVED</KEYWORD2>
			<KEYWORD2>@@PACK_SENT</KEYWORD2>
			<KEYWORD2>@@PROCID</KEYWORD2>
			<KEYWORD2>@@REMSERVER</KEYWORD2>
			<KEYWORD2>@@ROWCOUNT</KEYWORD2>
			<KEYWORD2>@@SERVERNAME</KEYWORD2>
			<KEYWORD2>@@SERVICENAME</KEYWORD2>
			<KEYWORD2>@@SPID</KEYWORD2>
			<KEYWORD2>@@TEXTSIZE</KEYWORD2>
			<KEYWORD2>@@TIMETICKS</KEYWORD2>
			<KEYWORD2>@@TOTAL_ERRORS</KEYWORD2>
			<KEYWORD2>@@TOTAL_READ</KEYWORD2>
			<KEYWORD2>@@TOTAL_WRITE</KEYWORD2>
			<KEYWORD2>@@TRANCOUNT</KEYWORD2>
			<KEYWORD2>@@VERSION</KEYWORD2>
			<KEYWORD2>ABS</KEYWORD2>
			<KEYWORD2>ACOS</KEYWORD2>
			<KEYWORD2>APP_NAME</KEYWORD2>
			<KEYWORD2>ASCII</KEYWORD2>
			<KEYWORD2>ASIN</KEYWORD2>
			<KEYWORD2>ATAN</KEYWORD2>
			<KEYWORD2>ATN2</KEYWORD2>
			<KEYWORD2>AVG</KEYWORD2>
			<KEYWORD2>BINARY_CHECKSUM</KEYWORD2>
			<KEYWORD2>CASE</KEYWORD2>
			<KEYWORD2>CAST</KEYWORD2>
			<KEYWORD2>CEILING</KEYWORD2>
			<KEYWORD2>CHARINDEX</KEYWORD2>
			<KEYWORD2>CHECKSUM</KEYWORD2>
			<KEYWORD2>CHECKSUM_AGG</KEYWORD2>
			<KEYWORD2>COALESCE</KEYWORD2>
			<KEYWORD2>COLLATIONPROPERTY</KEYWORD2>
			<KEYWORD2>COLUMNPROPERTY</KEYWORD2>
			<KEYWORD2>COL_LENGTH</KEYWORD2>
			<KEYWORD2>COL_NAME</KEYWORD2>
			<KEYWORD2>CONVERT</KEYWORD2>
			<KEYWORD2>COS</KEYWORD2>
			<KEYWORD2>COT</KEYWORD2>
			<KEYWORD2>COUNT</KEYWORD2>
			<KEYWORD2>COUNT_BIG</KEYWORD2>
			<KEYWORD2>CURRENT_DATE</KEYWORD2>
			<KEYWORD2>CURRENT_TIME</KEYWORD2>
			<KEYWORD2>CURRENT_TIMESTAMP</KEYWORD2>
			<KEYWORD2>CURRENT_USER</KEYWORD2>
			<KEYWORD2>CURSOR_STATUS</KEYWORD2>
			<KEYWORD2>DATABASEPROPERTY</KEYWORD2>
			<KEYWORD2>DATALENGTH</KEYWORD2>
			<KEYWORD2>DATEADD</KEYWORD2>
			<KEYWORD2>DATEDIFF</KEYWORD2>
			<KEYWORD2>DATENAME</KEYWORD2>
			<KEYWORD2>DATEPART</KEYWORD2>
			<KEYWORD2>DAY</KEYWORD2>
			<KEYWORD2>DB_ID</KEYWORD2>
			<KEYWORD2>DB_NAME</KEYWORD2>
			<KEYWORD2>DEGREES</KEYWORD2>
			<KEYWORD2>DIFFERENCE</KEYWORD2>
			<KEYWORD2>EXP</KEYWORD2>
			<KEYWORD2>FILEGROUPPROPERTY</KEYWORD2>
			<KEYWORD2>FILEGROUP_ID</KEYWORD2>
			<KEYWORD2>FILEGROUP_NAME</KEYWORD2>
			<KEYWORD2>FILEPROPERTY</KEYWORD2>
			<KEYWORD2>FILE_ID</KEYWORD2>
			<KEYWORD2>FILE_NAME</KEYWORD2>
			<KEYWORD2>FLOOR</KEYWORD2>
			<KEYWORD2>FORMATMESSAGE</KEYWORD2>
			<KEYWORD2>FULLTEXTCATALOGPROPERTY</KEYWORD2>
			<KEYWORD2>FULLTEXTSERVICEPROPERTY</KEYWORD2>
			<KEYWORD2>GETANSINULL</KEYWORD2>
			<KEYWORD2>GETDATE</KEYWORD2>
			<KEYWORD2>GETUTCDATE</KEYWORD2>
			<KEYWORD2>GROUPING</KEYWORD2>
			<KEYWORD2>HOST_ID</KEYWORD2>
			<KEYWORD2>HOST_NAME</KEYWORD2>
			<KEYWORD2>IDENTITY</KEYWORD2>
			<KEYWORD2>IDENTITY_INSERT</KEYWORD2>
			<KEYWORD2>IDENT_CURRENT</KEYWORD2>
			<KEYWORD2>IDENT_INCR</KEYWORD2>
			<KEYWORD2>IDENT_SEED</KEYWORD2>
			<KEYWORD2>INDEXPROPERTY</KEYWORD2>
			<KEYWORD2>INDEX_COL</KEYWORD2>
			<KEYWORD2>ISDATE</KEYWORD2>
			<KEYWORD2>ISNULL</KEYWORD2>
			<KEYWORD2>ISNUMERIC</KEYWORD2>
			<KEYWORD2>IS_MEMBER</KEYWORD2>
			<KEYWORD2>IS_SRVROLEMEMBER</KEYWORD2>
			<KEYWORD2>LEFT</KEYWORD2>
			<KEYWORD2>LEN</KEYWORD2>
			<KEYWORD2>LOG10</KEYWORD2>
			<KEYWORD2>LOG</KEYWORD2>
			<KEYWORD2>LOWER</KEYWORD2>
			<KEYWORD2>LTRIM</KEYWORD2>
			<KEYWORD2>MONTH</KEYWORD2>
			<KEYWORD2>NEWID</KEYWORD2>
			<KEYWORD2>NULLIF</KEYWORD2>
			<KEYWORD2>OBJECTPROPERTY</KEYWORD2>
			<KEYWORD2>OBJECT_ID</KEYWORD2>
			<KEYWORD2>OBJECT_NAME</KEYWORD2>
			<KEYWORD2>PARSENAME</KEYWORD2>
			<KEYWORD2>PATINDEX</KEYWORD2>
			<KEYWORD2>PERMISSIONS</KEYWORD2>
			<KEYWORD2>PI</KEYWORD2>
			<KEYWORD2>POWER</KEYWORD2>
			<KEYWORD2>QUOTENAME</KEYWORD2>
			<KEYWORD2>RADIANS</KEYWORD2>
			<KEYWORD2>RAND</KEYWORD2>
			<KEYWORD2>REPLACE</KEYWORD2>
			<KEYWORD2>REPLICATE</KEYWORD2>
			<KEYWORD2>REVERSE</KEYWORD2>
			<KEYWORD2>RIGHT</KEYWORD2>
			<KEYWORD2>ROUND</KEYWORD2>
			<KEYWORD2>ROWCOUNT_BIG</KEYWORD2>
			<KEYWORD2>RTRIM</KEYWORD2>
			<KEYWORD2>SCOPE_IDENTITY</KEYWORD2>
			<KEYWORD2>SERVERPROPERTY</KEYWORD2>
			<KEYWORD2>SESSIONPROPERTY</KEYWORD2>
			<KEYWORD2>SESSION_USER</KEYWORD2>
			<KEYWORD2>SIGN</KEYWORD2>
			<KEYWORD2>SIN</KEYWORD2>
			<KEYWORD2>SOUNDEX</KEYWORD2>
			<KEYWORD2>SPACE</KEYWORD2>
			<KEYWORD2>SQRT</KEYWORD2>
			<KEYWORD2>SQUARE</KEYWORD2>
			<KEYWORD2>STATS_DATE</KEYWORD2>
			<KEYWORD2>STDEV</KEYWORD2>
			<KEYWORD2>STDEVP</KEYWORD2>
			<KEYWORD2>STR</KEYWORD2>
			<KEYWORD2>STUFF</KEYWORD2>
			<KEYWORD2>SUBSTRING</KEYWORD2>
			<KEYWORD2>SUM</KEYWORD2>
			<KEYWORD2>SUSER_ID</KEYWORD2>
			<KEYWORD2>SUSER_NAME</KEYWORD2>
			<KEYWORD2>SUSER_SID</KEYWORD2>
			<KEYWORD2>SUSER_SNAME</KEYWORD2>
			<KEYWORD2>SYSTEM_USER</KEYWORD2>
			<KEYWORD2>TAN</KEYWORD2>
			<KEYWORD2>TEXTPTR</KEYWORD2>
			<KEYWORD2>TEXTVALID</KEYWORD2>
			<KEYWORD2>TYPEPROPERTY</KEYWORD2>
			<KEYWORD2>UNICODE</KEYWORD2>
			<KEYWORD2>UPPER</KEYWORD2>
			<KEYWORD2>USER</KEYWORD2>
			<KEYWORD2>USER_ID</KEYWORD2>
			<KEYWORD2>USER_NAME</KEYWORD2>
			<KEYWORD2>VAR</KEYWORD2>
			<KEYWORD2>VARP</KEYWORD2>
			<KEYWORD2>YEAR</KEYWORD2>

			<!-- operators -->
			<KEYWORD1>ALL</KEYWORD1>
			<KEYWORD1>AND</KEYWORD1>
			<KEYWORD1>ANY</KEYWORD1>
			<KEYWORD1>BETWEEN</KEYWORD1>
			<KEYWORD1>CROSS</KEYWORD1>
			<KEYWORD1>EXISTS</KEYWORD1>
			<KEYWORD1>IN</KEYWORD1>
			<KEYWORD1>INTERSECT</KEYWORD1>
			<KEYWORD1>JOIN</KEYWORD1>
			<KEYWORD1>LIKE</KEYWORD1>
			<KEYWORD1>NOT</KEYWORD1>
			<KEYWORD1>NULL</KEYWORD1>
			<KEYWORD1>OR</KEYWORD1>
			<KEYWORD1>OUTER</KEYWORD1>
			<KEYWORD1>SOME</KEYWORD1>

			<!-- SQL Server 7.0 system stored procedures -->
			<KEYWORD3>sp_add_agent_parameter</KEYWORD3>
			<KEYWORD3>sp_add_agent_profile</KEYWORD3>
			<KEYWORD3>sp_add_alert</KEYWORD3>
			<KEYWORD3>sp_add_category</KEYWORD3>
			<KEYWORD3>sp_add_data_file_recover_suspect_db</KEYWORD3>
			<KEYWORD3>sp_add_job</KEYWORD3>
			<KEYWORD3>sp_add_jobschedule</KEYWORD3>
			<KEYWORD3>sp_add_jobserver</KEYWORD3>
			<KEYWORD3>sp_add_jobstep</KEYWORD3>
			<KEYWORD3>sp_add_log_file_recover_suspect_db</KEYWORD3>
			<KEYWORD3>sp_add_notification</KEYWORD3>
			<KEYWORD3>sp_add_operator</KEYWORD3>
			<KEYWORD3>sp_add_targetservergroup</KEYWORD3>
			<KEYWORD3>sp_add_targetsvrgrp_member</KEYWORD3>
			<KEYWORD3>sp_addalias</KEYWORD3>
			<KEYWORD3>sp_addapprole</KEYWORD3>
			<KEYWORD3>sp_addarticle</KEYWORD3>
			<KEYWORD3>sp_adddistpublisher</KEYWORD3>
			<KEYWORD3>sp_adddistributiondb</KEYWORD3>
			<KEYWORD3>sp_adddistributor</KEYWORD3>
			<KEYWORD3>sp_addextendedproc</KEYWORD3>
			<KEYWORD3>sp_addgroup</KEYWORD3>
			<KEYWORD3>sp_addlinkedserver</KEYWORD3>
			<KEYWORD3>sp_addlinkedsrvlogin</KEYWORD3>
			<KEYWORD3>sp_addlinkedsrvlogin</KEYWORD3>
			<KEYWORD3>sp_addlogin</KEYWORD3>
			<KEYWORD3>sp_addmergearticle</KEYWORD3>
			<KEYWORD3>sp_addmergefilter</KEYWORD3>
			<KEYWORD3>sp_addmergepublication</KEYWORD3>
			<KEYWORD3>sp_addmergepullsubscription</KEYWORD3>
			<KEYWORD3>sp_addmergepullsubscription_agent</KEYWORD3>
			<KEYWORD3>sp_addmergesubscription</KEYWORD3>
			<KEYWORD3>sp_addmessage</KEYWORD3>
			<KEYWORD3>sp_addpublication</KEYWORD3>
			<KEYWORD3>sp_addpublication_snapshot</KEYWORD3>
			<KEYWORD3>sp_addpublisher70</KEYWORD3>
			<KEYWORD3>sp_addpullsubscription</KEYWORD3>
			<KEYWORD3>sp_addpullsubscription_agent</KEYWORD3>
			<KEYWORD3>sp_addremotelogin</KEYWORD3>
			<KEYWORD3>sp_addrole</KEYWORD3>
			<KEYWORD3>sp_addrolemember</KEYWORD3>
			<KEYWORD3>sp_addserver</KEYWORD3>
			<KEYWORD3>sp_addsrvrolemember</KEYWORD3>
			<KEYWORD3>sp_addsubscriber</KEYWORD3>
			<KEYWORD3>sp_addsubscriber_schedule</KEYWORD3>
			<KEYWORD3>sp_addsubscription</KEYWORD3>
			<KEYWORD3>sp_addsynctriggers</KEYWORD3>
			<KEYWORD3>sp_addtabletocontents</KEYWORD3>
			<KEYWORD3>sp_addtask</KEYWORD3>
			<KEYWORD3>sp_addtype</KEYWORD3>
			<KEYWORD3>sp_addumpdevice</KEYWORD3>
			<KEYWORD3>sp_adduser</KEYWORD3>
			<KEYWORD3>sp_altermessage</KEYWORD3>
			<KEYWORD3>sp_apply_job_to_targets</KEYWORD3>
			<KEYWORD3>sp_approlepassword</KEYWORD3>
			<KEYWORD3>sp_article_validation</KEYWORD3>
			<KEYWORD3>sp_articlecolumn</KEYWORD3>
			<KEYWORD3>sp_articlefilter</KEYWORD3>
			<KEYWORD3>sp_articlesynctranprocs</KEYWORD3>
			<KEYWORD3>sp_articleview</KEYWORD3>
			<KEYWORD3>sp_attach_db</KEYWORD3>
			<KEYWORD3>sp_attach_single_file_db</KEYWORD3>
			<KEYWORD3>sp_autostats</KEYWORD3>
			<KEYWORD3>sp_bindefault</KEYWORD3>
			<KEYWORD3>sp_bindrule</KEYWORD3>
			<KEYWORD3>sp_bindsession</KEYWORD3>
			<KEYWORD3>sp_browsereplcmds</KEYWORD3>
			<KEYWORD3>sp_catalogs</KEYWORD3>
			<KEYWORD3>sp_certify_removable</KEYWORD3>
			<KEYWORD3>sp_change_agent_parameter</KEYWORD3>
			<KEYWORD3>sp_change_agent_profile</KEYWORD3>
			<KEYWORD3>sp_change_subscription_properties</KEYWORD3>
			<KEYWORD3>sp_change_users_login</KEYWORD3>
			<KEYWORD3>sp_changearticle</KEYWORD3>
			<KEYWORD3>sp_changedbowner</KEYWORD3>
			<KEYWORD3>sp_changedistpublisher</KEYWORD3>
			<KEYWORD3>sp_changedistributiondb</KEYWORD3>
			<KEYWORD3>sp_changedistributor_password</KEYWORD3>
			<KEYWORD3>sp_changedistributor_property</KEYWORD3>
			<KEYWORD3>sp_changegroup</KEYWORD3>
			<KEYWORD3>sp_changemergearticle</KEYWORD3>
			<KEYWORD3>sp_changemergefilter</KEYWORD3>
			<KEYWORD3>sp_changemergepublication</KEYWORD3>
			<KEYWORD3>sp_changemergepullsubscription</KEYWORD3>
			<KEYWORD3>sp_changemergesubscription</KEYWORD3>
			<KEYWORD3>sp_changeobjectowner</KEYWORD3>
			<KEYWORD3>sp_changepublication</KEYWORD3>
			<KEYWORD3>sp_changesubscriber</KEYWORD3>
			<KEYWORD3>sp_changesubscriber_schedule</KEYWORD3>
			<KEYWORD3>sp_changesubstatus</KEYWORD3>
			<KEYWORD3>sp_check_for_sync_trigger</KEYWORD3>
			<KEYWORD3>sp_column_privileges</KEYWORD3>
			<KEYWORD3>sp_column_privileges_ex</KEYWORD3>
			<KEYWORD3>sp_columns</KEYWORD3>
			<KEYWORD3>sp_columns_ex</KEYWORD3>
			<KEYWORD3>sp_configure</KEYWORD3>
			<KEYWORD3>sp_create_removable</KEYWORD3>
			<KEYWORD3>sp_createorphan</KEYWORD3>
			<KEYWORD3>sp_createstats</KEYWORD3>
			<KEYWORD3>sp_cursor</KEYWORD3>
			<KEYWORD3>sp_cursor_list</KEYWORD3>
			<KEYWORD3>sp_cursorclose</KEYWORD3>
			<KEYWORD3>sp_cursorexecute</KEYWORD3>
			<KEYWORD3>sp_cursorfetch</KEYWORD3>
			<KEYWORD3>sp_cursoropen</KEYWORD3>
			<KEYWORD3>sp_cursoroption</KEYWORD3>
			<KEYWORD3>sp_cursorprepare</KEYWORD3>
			<KEYWORD3>sp_cursorunprepare</KEYWORD3>
			<KEYWORD3>sp_cycle_errorlog</KEYWORD3>
			<KEYWORD3>sp_databases</KEYWORD3>
			<KEYWORD3>sp_datatype_info</KEYWORD3>
			<KEYWORD3>sp_dbcmptlevel</KEYWORD3>
			<KEYWORD3>sp_dbfixedrolepermission</KEYWORD3>
			<KEYWORD3>sp_dboption</KEYWORD3>
			<KEYWORD3>sp_defaultdb</KEYWORD3>
			<KEYWORD3>sp_defaultlanguage</KEYWORD3>
			<KEYWORD3>sp_delete_alert</KEYWORD3>
			<KEYWORD3>sp_delete_backuphistory</KEYWORD3>
			<KEYWORD3>sp_delete_category</KEYWORD3>
			<KEYWORD3>sp_delete_job</KEYWORD3>
			<KEYWORD3>sp_delete_jobschedule</KEYWORD3>
			<KEYWORD3>sp_delete_jobserver</KEYWORD3>
			<KEYWORD3>sp_delete_jobstep</KEYWORD3>
			<KEYWORD3>sp_delete_notification</KEYWORD3>
			<KEYWORD3>sp_delete_operator</KEYWORD3>
			<KEYWORD3>sp_delete_targetserver</KEYWORD3>
			<KEYWORD3>sp_delete_targetservergroup</KEYWORD3>
			<KEYWORD3>sp_delete_targetsvrgrp_member</KEYWORD3>
			<KEYWORD3>sp_deletemergeconflictrow</KEYWORD3>
			<KEYWORD3>sp_denylogin</KEYWORD3>
			<KEYWORD3>sp_depends</KEYWORD3>
			<KEYWORD3>sp_describe_cursor</KEYWORD3>
			<KEYWORD3>sp_describe_cursor_columns</KEYWORD3>
			<KEYWORD3>sp_describe_cursor_tables</KEYWORD3>
			<KEYWORD3>sp_detach_db</KEYWORD3>
			<KEYWORD3>sp_drop_agent_parameter</KEYWORD3>
			<KEYWORD3>sp_drop_agent_profile</KEYWORD3>
			<KEYWORD3>sp_dropalias</KEYWORD3>
			<KEYWORD3>sp_dropapprole</KEYWORD3>
			<KEYWORD3>sp_droparticle</KEYWORD3>
			<KEYWORD3>sp_dropdevice</KEYWORD3>
			<KEYWORD3>sp_dropdistpublisher</KEYWORD3>
			<KEYWORD3>sp_dropdistributiondb</KEYWORD3>
			<KEYWORD3>sp_dropdistributor</KEYWORD3>
			<KEYWORD3>sp_dropextendedproc</KEYWORD3>
			<KEYWORD3>sp_dropgroup</KEYWORD3>
			<KEYWORD3>sp_droplinkedsrvlogin</KEYWORD3>
			<KEYWORD3>sp_droplinkedsrvlogin</KEYWORD3>
			<KEYWORD3>sp_droplogin</KEYWORD3>
			<KEYWORD3>sp_dropmergearticle</KEYWORD3>
			<KEYWORD3>sp_dropmergefilter</KEYWORD3>
			<KEYWORD3>sp_dropmergepublication</KEYWORD3>
			<KEYWORD3>sp_dropmergepullsubscription</KEYWORD3>
			<KEYWORD3>sp_dropmergesubscription</KEYWORD3>
			<KEYWORD3>sp_dropmessage</KEYWORD3>
			<KEYWORD3>sp_droporphans</KEYWORD3>
			<KEYWORD3>sp_droppublication</KEYWORD3>
			<KEYWORD3>sp_droppullsubscription</KEYWORD3>
			<KEYWORD3>sp_dropremotelogin</KEYWORD3>
			<KEYWORD3>sp_droprole</KEYWORD3>
			<KEYWORD3>sp_droprolemember</KEYWORD3>
			<KEYWORD3>sp_dropserver</KEYWORD3>
			<KEYWORD3>sp_dropsrvrolemember</KEYWORD3>
			<KEYWORD3>sp_dropsubscriber</KEYWORD3>
			<KEYWORD3>sp_dropsubscription</KEYWORD3>
			<KEYWORD3>sp_droptask</KEYWORD3>
			<KEYWORD3>sp_droptype</KEYWORD3>
			<KEYWORD3>sp_dropuser</KEYWORD3>
			<KEYWORD3>sp_dropwebtask</KEYWORD3>
			<KEYWORD3>sp_dsninfo</KEYWORD3>
			<KEYWORD3>sp_dumpparamcmd</KEYWORD3>
			<KEYWORD3>sp_enumcodepages</KEYWORD3>
			<KEYWORD3>sp_enumcustomresolvers</KEYWORD3>
			<KEYWORD3>sp_enumdsn</KEYWORD3>
			<KEYWORD3>sp_enumfullsubscribers</KEYWORD3>
			<KEYWORD3>sp_execute</KEYWORD3>
			<KEYWORD3>sp_executesql</KEYWORD3>
			<KEYWORD3>sp_expired_subscription_cleanup</KEYWORD3>
			<KEYWORD3>sp_fkeys</KEYWORD3>
			<KEYWORD3>sp_foreignkeys</KEYWORD3>
			<KEYWORD3>sp_fulltext_catalog</KEYWORD3>
			<KEYWORD3>sp_fulltext_column</KEYWORD3>
			<KEYWORD3>sp_fulltext_database</KEYWORD3>
			<KEYWORD3>sp_fulltext_service</KEYWORD3>
			<KEYWORD3>sp_fulltext_table</KEYWORD3>
			<KEYWORD3>sp_generatefilters</KEYWORD3>
			<KEYWORD3>sp_get_distributor</KEYWORD3>
			<KEYWORD3>sp_getbindtoken</KEYWORD3>
			<KEYWORD3>sp_getmergedeletetype</KEYWORD3>
			<KEYWORD3>sp_grant_publication_access</KEYWORD3>
			<KEYWORD3>sp_grantdbaccess</KEYWORD3>
			<KEYWORD3>sp_grantlogin</KEYWORD3>
			<KEYWORD3>sp_help</KEYWORD3>
			<KEYWORD3>sp_help_agent_default</KEYWORD3>
			<KEYWORD3>sp_help_agent_parameter</KEYWORD3>
			<KEYWORD3>sp_help_agent_profile</KEYWORD3>
			<KEYWORD3>sp_help_alert</KEYWORD3>
			<KEYWORD3>sp_help_category</KEYWORD3>
			<KEYWORD3>sp_help_downloadlist</KEYWORD3>
			<KEYWORD3>sp_help_fulltext_catalogs</KEYWORD3>
			<KEYWORD3>sp_help_fulltext_catalogs_cursor</KEYWORD3>
			<KEYWORD3>sp_help_fulltext_columns</KEYWORD3>
			<KEYWORD3>sp_help_fulltext_columns_cursor</KEYWORD3>
			<KEYWORD3>sp_help_fulltext_tables</KEYWORD3>
			<KEYWORD3>sp_help_fulltext_tables_cursor</KEYWORD3>
			<KEYWORD3>sp_help_job</KEYWORD3>
			<KEYWORD3>sp_help_jobhistory</KEYWORD3>
			<KEYWORD3>sp_help_jobschedule</KEYWORD3>
			<KEYWORD3>sp_help_jobserver</KEYWORD3>
			<KEYWORD3>sp_help_jobstep</KEYWORD3>
			<KEYWORD3>sp_help_notification</KEYWORD3>
			<KEYWORD3>sp_help_operator</KEYWORD3>
			<KEYWORD3>sp_help_publication_access</KEYWORD3>
			<KEYWORD3>sp_help_targetserver</KEYWORD3>
			<KEYWORD3>sp_help_targetservergroup</KEYWORD3>
			<KEYWORD3>sp_helparticle</KEYWORD3>
			<KEYWORD3>sp_helparticlecolumns</KEYWORD3>
			<KEYWORD3>sp_helpconstraint</KEYWORD3>
			<KEYWORD3>sp_helpdb</KEYWORD3>
			<KEYWORD3>sp_helpdbfixedrole</KEYWORD3>
			<KEYWORD3>sp_helpdevice</KEYWORD3>
			<KEYWORD3>sp_helpdistpublisher</KEYWORD3>
			<KEYWORD3>sp_helpdistributiondb</KEYWORD3>
			<KEYWORD3>sp_helpdistributor</KEYWORD3>
			<KEYWORD3>sp_helpextendedproc</KEYWORD3>
			<KEYWORD3>sp_helpfile</KEYWORD3>
			<KEYWORD3>sp_helpfilegroup</KEYWORD3>
			<KEYWORD3>sp_helpgroup</KEYWORD3>
			<KEYWORD3>sp_helphistory</KEYWORD3>
			<KEYWORD3>sp_helpindex</KEYWORD3>
			<KEYWORD3>sp_helplanguage</KEYWORD3>
			<KEYWORD3>sp_helplinkedsrvlogin</KEYWORD3>
			<KEYWORD3>sp_helplogins</KEYWORD3>
			<KEYWORD3>sp_helpmergearticle</KEYWORD3>
			<KEYWORD3>sp_helpmergearticleconflicts</KEYWORD3>
			<KEYWORD3>sp_helpmergeconflictrows</KEYWORD3>
			<KEYWORD3>sp_helpmergedeleteconflictrows</KEYWORD3>
			<KEYWORD3>sp_helpmergefilter</KEYWORD3>
			<KEYWORD3>sp_helpmergepublication</KEYWORD3>
			<KEYWORD3>sp_helpmergepullsubscription</KEYWORD3>
			<KEYWORD3>sp_helpmergesubscription</KEYWORD3>
			<KEYWORD3>sp_helpntgroup</KEYWORD3>
			<KEYWORD3>sp_helppublication</KEYWORD3>
			<KEYWORD3>sp_helppullsubscription</KEYWORD3>
			<KEYWORD3>sp_helpremotelogin</KEYWORD3>
			<KEYWORD3>sp_helpreplicationdboption</KEYWORD3>
			<KEYWORD3>sp_helprole</KEYWORD3>
			<KEYWORD3>sp_helprolemember</KEYWORD3>
			<KEYWORD3>sp_helprotect</KEYWORD3>
			<KEYWORD3>sp_helpserver</KEYWORD3>
			<KEYWORD3>sp_helpsort</KEYWORD3>
			<KEYWORD3>sp_helpsrvrole</KEYWORD3>
			<KEYWORD3>sp_helpsrvrolemember</KEYWORD3>
			<KEYWORD3>sp_helpsubscriberinfo</KEYWORD3>
			<KEYWORD3>sp_helpsubscription</KEYWORD3>
			<KEYWORD3>sp_helpsubscription_properties</KEYWORD3>
			<KEYWORD3>sp_helptask</KEYWORD3>
			<KEYWORD3>sp_helptext</KEYWORD3>
			<KEYWORD3>sp_helptrigger</KEYWORD3>
			<KEYWORD3>sp_helpuser</KEYWORD3>
			<KEYWORD3>sp_indexes</KEYWORD3>
			<KEYWORD3>sp_indexoption</KEYWORD3>
			<KEYWORD3>sp_link_publication</KEYWORD3>
			<KEYWORD3>sp_linkedservers</KEYWORD3>
			<KEYWORD3>sp_lock</KEYWORD3>
			<KEYWORD3>sp_makewebtask</KEYWORD3>
			<KEYWORD3>sp_manage_jobs_by_login</KEYWORD3>
			<KEYWORD3>sp_mergedummyupdate</KEYWORD3>
			<KEYWORD3>sp_mergesubscription_cleanup</KEYWORD3>
			<KEYWORD3>sp_monitor</KEYWORD3>
			<KEYWORD3>sp_msx_defect</KEYWORD3>
			<KEYWORD3>sp_msx_enlist</KEYWORD3>
			<KEYWORD3>sp_OACreate</KEYWORD3>
			<KEYWORD3>sp_OADestroy</KEYWORD3>
			<KEYWORD3>sp_OAGetErrorInfo</KEYWORD3>
			<KEYWORD3>sp_OAGetProperty</KEYWORD3>
			<KEYWORD3>sp_OAMethod</KEYWORD3>
			<KEYWORD3>sp_OASetProperty</KEYWORD3>
			<KEYWORD3>sp_OAStop</KEYWORD3>
			<KEYWORD3>sp_password</KEYWORD3>
			<KEYWORD3>sp_pkeys</KEYWORD3>
			<KEYWORD3>sp_post_msx_operation</KEYWORD3>
			<KEYWORD3>sp_prepare</KEYWORD3>
			<KEYWORD3>sp_primarykeys</KEYWORD3>
			<KEYWORD3>sp_processmail</KEYWORD3>
			<KEYWORD3>sp_procoption</KEYWORD3>
			<KEYWORD3>sp_publication_validation</KEYWORD3>
			<KEYWORD3>sp_purge_jobhistory</KEYWORD3>
			<KEYWORD3>sp_purgehistory</KEYWORD3>
			<KEYWORD3>sp_reassigntask</KEYWORD3>
			<KEYWORD3>sp_recompile</KEYWORD3>
			<KEYWORD3>sp_refreshsubscriptions</KEYWORD3>
			<KEYWORD3>sp_refreshview</KEYWORD3>
			<KEYWORD3>sp_reinitmergepullsubscription</KEYWORD3>
			<KEYWORD3>sp_reinitmergesubscription</KEYWORD3>
			<KEYWORD3>sp_reinitpullsubscription</KEYWORD3>
			<KEYWORD3>sp_reinitsubscription</KEYWORD3>
			<KEYWORD3>sp_remoteoption</KEYWORD3>
			<KEYWORD3>sp_remove_job_from_targets</KEYWORD3>
			<KEYWORD3>sp_removedbreplication</KEYWORD3>
			<KEYWORD3>sp_rename</KEYWORD3>
			<KEYWORD3>sp_renamedb</KEYWORD3>
			<KEYWORD3>sp_replcmds</KEYWORD3>
			<KEYWORD3>sp_replcounters</KEYWORD3>
			<KEYWORD3>sp_repldone</KEYWORD3>
			<KEYWORD3>sp_replflush</KEYWORD3>
			<KEYWORD3>sp_replication_agent_checkup</KEYWORD3>
			<KEYWORD3>sp_replicationdboption</KEYWORD3>
			<KEYWORD3>sp_replsetoriginator</KEYWORD3>
			<KEYWORD3>sp_replshowcmds</KEYWORD3>
			<KEYWORD3>sp_repltrans</KEYWORD3>
			<KEYWORD3>sp_reset_connection</KEYWORD3>
			<KEYWORD3>sp_resync_targetserver</KEYWORD3>
			<KEYWORD3>sp_revoke_publication_access</KEYWORD3>
			<KEYWORD3>sp_revokedbaccess</KEYWORD3>
			<KEYWORD3>sp_revokelogin</KEYWORD3>
			<KEYWORD3>sp_runwebtask</KEYWORD3>
			<KEYWORD3>sp_script_synctran_commands</KEYWORD3>
			<KEYWORD3>sp_scriptdelproc</KEYWORD3>
			<KEYWORD3>sp_scriptinsproc</KEYWORD3>
			<KEYWORD3>sp_scriptmappedupdproc</KEYWORD3>
			<KEYWORD3>sp_scriptupdproc</KEYWORD3>
			<KEYWORD3>sp_sdidebug</KEYWORD3>
			<KEYWORD3>sp_server_info</KEYWORD3>
			<KEYWORD3>sp_serveroption</KEYWORD3>
			<KEYWORD3>sp_serveroption</KEYWORD3>
			<KEYWORD3>sp_setapprole</KEYWORD3>
			<KEYWORD3>sp_setnetname</KEYWORD3>
			<KEYWORD3>sp_spaceused</KEYWORD3>
			<KEYWORD3>sp_special_columns</KEYWORD3>
			<KEYWORD3>sp_sproc_columns</KEYWORD3>
			<KEYWORD3>sp_srvrolepermission</KEYWORD3>
			<KEYWORD3>sp_start_job</KEYWORD3>
			<KEYWORD3>sp_statistics</KEYWORD3>
			<KEYWORD3>sp_stop_job</KEYWORD3>
			<KEYWORD3>sp_stored_procedures</KEYWORD3>
			<KEYWORD3>sp_subscription_cleanup</KEYWORD3>
			<KEYWORD3>sp_table_privileges</KEYWORD3>
			<KEYWORD3>sp_table_privileges_ex</KEYWORD3>
			<KEYWORD3>sp_table_validation</KEYWORD3>
			<KEYWORD3>sp_tableoption</KEYWORD3>
			<KEYWORD3>sp_tables</KEYWORD3>
			<KEYWORD3>sp_tables_ex</KEYWORD3>
			<KEYWORD3>sp_unbindefault</KEYWORD3>
			<KEYWORD3>sp_unbindrule</KEYWORD3>
			<KEYWORD3>sp_unprepare</KEYWORD3>
			<KEYWORD3>sp_update_agent_profile</KEYWORD3>
			<KEYWORD3>sp_update_alert</KEYWORD3>
			<KEYWORD3>sp_update_category</KEYWORD3>
			<KEYWORD3>sp_update_job</KEYWORD3>
			<KEYWORD3>sp_update_jobschedule</KEYWORD3>
			<KEYWORD3>sp_update_jobstep</KEYWORD3>
			<KEYWORD3>sp_update_notification</KEYWORD3>
			<KEYWORD3>sp_update_operator</KEYWORD3>
			<KEYWORD3>sp_update_targetservergroup</KEYWORD3>
			<KEYWORD3>sp_updatestats</KEYWORD3>
			<KEYWORD3>sp_updatetask</KEYWORD3>
			<KEYWORD3>sp_validatelogins</KEYWORD3>
			<KEYWORD3>sp_validname</KEYWORD3>
			<KEYWORD3>sp_who</KEYWORD3>
			<KEYWORD3>xp_cmdshell</KEYWORD3>
			<KEYWORD3>xp_deletemail</KEYWORD3>
			<KEYWORD3>xp_enumgroups</KEYWORD3>
			<KEYWORD3>xp_findnextmsg</KEYWORD3>
			<KEYWORD3>xp_findnextmsg</KEYWORD3>
			<KEYWORD3>xp_grantlogin</KEYWORD3>
			<KEYWORD3>xp_logevent</KEYWORD3>
			<KEYWORD3>xp_loginconfig</KEYWORD3>
			<KEYWORD3>xp_logininfo</KEYWORD3>
			<KEYWORD3>xp_msver</KEYWORD3>
			<KEYWORD3>xp_readmail</KEYWORD3>
			<KEYWORD3>xp_revokelogin</KEYWORD3>
			<KEYWORD3>xp_sendmail</KEYWORD3>
			<KEYWORD3>xp_sprintf</KEYWORD3>
			<KEYWORD3>xp_sqlinventory</KEYWORD3>
			<KEYWORD3>xp_sqlmaint</KEYWORD3>
			<KEYWORD3>xp_sqltrace</KEYWORD3>
			<KEYWORD3>xp_sscanf</KEYWORD3>
			<KEYWORD3>xp_startmail</KEYWORD3>
			<KEYWORD3>xp_stopmail</KEYWORD3>
			<KEYWORD3>xp_trace_addnewqueue</KEYWORD3>
			<KEYWORD3>xp_trace_deletequeuedefinition</KEYWORD3>
			<KEYWORD3>xp_trace_destroyqueue</KEYWORD3>
			<KEYWORD3>xp_trace_enumqueuedefname</KEYWORD3>
			<KEYWORD3>xp_trace_enumqueuehandles</KEYWORD3>
			<KEYWORD3>xp_trace_eventclassrequired</KEYWORD3>
			<KEYWORD3>xp_trace_flushqueryhistory</KEYWORD3>
			<KEYWORD3>xp_trace_generate_event</KEYWORD3>
			<KEYWORD3>xp_trace_getappfilter</KEYWORD3>
			<KEYWORD3>xp_trace_getconnectionidfilter</KEYWORD3>
			<KEYWORD3>xp_trace_getcpufilter</KEYWORD3>
			<KEYWORD3>xp_trace_getdbidfilter</KEYWORD3>
			<KEYWORD3>xp_trace_getdurationfilter</KEYWORD3>
			<KEYWORD3>xp_trace_geteventfilter</KEYWORD3>
			<KEYWORD3>xp_trace_geteventnames</KEYWORD3>
			<KEYWORD3>xp_trace_getevents</KEYWORD3>
			<KEYWORD3>xp_trace_gethostfilter</KEYWORD3>
			<KEYWORD3>xp_trace_gethpidfilter</KEYWORD3>
			<KEYWORD3>xp_trace_getindidfilter</KEYWORD3>
			<KEYWORD3>xp_trace_getntdmfilter</KEYWORD3>
			<KEYWORD3>xp_trace_getntnmfilter</KEYWORD3>
			<KEYWORD3>xp_trace_getobjidfilter</KEYWORD3>
			<KEYWORD3>xp_trace_getqueueautostart</KEYWORD3>
			<KEYWORD3>xp_trace_getqueuedestination</KEYWORD3>
			<KEYWORD3>xp_trace_getqueueproperties</KEYWORD3>
			<KEYWORD3>xp_trace_getreadfilter</KEYWORD3>
			<KEYWORD3>xp_trace_getserverfilter</KEYWORD3>
			<KEYWORD3>xp_trace_getseverityfilter</KEYWORD3>
			<KEYWORD3>xp_trace_getspidfilter</KEYWORD3>
			<KEYWORD3>xp_trace_getsysobjectsfilter</KEYWORD3>
			<KEYWORD3>xp_trace_gettextfilter</KEYWORD3>
			<KEYWORD3>xp_trace_getuserfilter</KEYWORD3>
			<KEYWORD3>xp_trace_getwritefilter</KEYWORD3>
			<KEYWORD3>xp_trace_loadqueuedefinition</KEYWORD3>
			<KEYWORD3>xp_trace_pausequeue</KEYWORD3>
			<KEYWORD3>xp_trace_restartqueue</KEYWORD3>
			<KEYWORD3>xp_trace_savequeuedefinition</KEYWORD3>
			<KEYWORD3>xp_trace_setappfilter</KEYWORD3>
			<KEYWORD3>xp_trace_setconnectionidfilter</KEYWORD3>
			<KEYWORD3>xp_trace_setcpufilter</KEYWORD3>
			<KEYWORD3>xp_trace_setdbidfilter</KEYWORD3>
			<KEYWORD3>xp_trace_setdurationfilter</KEYWORD3>
			<KEYWORD3>xp_trace_seteventclassrequired</KEYWORD3>
			<KEYWORD3>xp_trace_seteventfilter</KEYWORD3>
			<KEYWORD3>xp_trace_sethostfilter</KEYWORD3>
			<KEYWORD3>xp_trace_sethpidfilter</KEYWORD3>
			<KEYWORD3>xp_trace_setindidfilter</KEYWORD3>
			<KEYWORD3>xp_trace_setntdmfilter</KEYWORD3>
			<KEYWORD3>xp_trace_setntnmfilter</KEYWORD3>
			<KEYWORD3>xp_trace_setobjidfilter</KEYWORD3>
			<KEYWORD3>xp_trace_setqueryhistory</KEYWORD3>
			<KEYWORD3>xp_trace_setqueueautostart</KEYWORD3>
			<KEYWORD3>xp_trace_setqueuecreateinfo</KEYWORD3>
			<KEYWORD3>xp_trace_setqueuedestination</KEYWORD3>
			<KEYWORD3>xp_trace_setreadfilter</KEYWORD3>
			<KEYWORD3>xp_trace_setserverfilter</KEYWORD3>
			<KEYWORD3>xp_trace_setseverityfilter</KEYWORD3>
			<KEYWORD3>xp_trace_setspidfilter</KEYWORD3>
			<KEYWORD3>xp_trace_setsysobjectsfilter</KEYWORD3>
			<KEYWORD3>xp_trace_settextfilter</KEYWORD3>
			<KEYWORD3>xp_trace_setuserfilter</KEYWORD3>
			<KEYWORD3>xp_trace_setwritefilter</KEYWORD3>
			<KEYWORD3>fn_helpcollations</KEYWORD3>
			<KEYWORD3>fn_servershareddrives</KEYWORD3>
			<KEYWORD3>fn_virtualfilestats</KEYWORD3>

			<!-- SQL Server 7.0 system tables -->
			<KEYWORD3>backupfile</KEYWORD3>
			<KEYWORD3>backupmediafamily</KEYWORD3>
			<KEYWORD3>backupmediaset</KEYWORD3>
			<KEYWORD3>backupset</KEYWORD3>
			<KEYWORD3>MSagent_parameters</KEYWORD3>
			<KEYWORD3>MSagent_profiles</KEYWORD3>
			<KEYWORD3>MSarticles</KEYWORD3>
			<KEYWORD3>MSdistpublishers</KEYWORD3>
			<KEYWORD3>MSdistribution_agents</KEYWORD3>
			<KEYWORD3>MSdistribution_history</KEYWORD3>
			<KEYWORD3>MSdistributiondbs</KEYWORD3>
			<KEYWORD3>MSdistributor</KEYWORD3>
			<KEYWORD3>MSlogreader_agents</KEYWORD3>
			<KEYWORD3>MSlogreader_history</KEYWORD3>
			<KEYWORD3>MSmerge_agents</KEYWORD3>
			<KEYWORD3>MSmerge_contents</KEYWORD3>
			<KEYWORD3>MSmerge_delete_conflicts</KEYWORD3>
			<KEYWORD3>MSmerge_genhistory</KEYWORD3>
			<KEYWORD3>MSmerge_history</KEYWORD3>
			<KEYWORD3>MSmerge_replinfo</KEYWORD3>
			<KEYWORD3>MSmerge_subscriptions</KEYWORD3>
			<KEYWORD3>MSmerge_tombstone</KEYWORD3>
			<KEYWORD3>MSpublication_access</KEYWORD3>
			<KEYWORD3>Mspublications</KEYWORD3>
			<KEYWORD3>Mspublisher_databases</KEYWORD3>
			<KEYWORD3>MSrepl_commands</KEYWORD3>
			<KEYWORD3>MSrepl_errors</KEYWORD3>
			<KEYWORD3>Msrepl_originators</KEYWORD3>
			<KEYWORD3>MSrepl_transactions</KEYWORD3>
			<KEYWORD3>MSrepl_version</KEYWORD3>
			<KEYWORD3>MSreplication_objects</KEYWORD3>
			<KEYWORD3>MSreplication_subscriptions</KEYWORD3>
			<KEYWORD3>MSsnapshot_agents</KEYWORD3>
			<KEYWORD3>MSsnapshot_history</KEYWORD3>
			<KEYWORD3>MSsubscriber_info</KEYWORD3>
			<KEYWORD3>MSsubscriber_schedule</KEYWORD3>
			<KEYWORD3>MSsubscription_properties</KEYWORD3>
			<KEYWORD3>MSsubscriptions</KEYWORD3>
			<KEYWORD3>restorefile</KEYWORD3>
			<KEYWORD3>restorefilegroup</KEYWORD3>
			<KEYWORD3>restorehistory</KEYWORD3>
			<KEYWORD3>sysalerts</KEYWORD3>
			<KEYWORD3>sysallocations</KEYWORD3>
			<KEYWORD3>sysaltfiles</KEYWORD3>
			<KEYWORD3>sysarticles</KEYWORD3>
			<KEYWORD3>sysarticleupdates</KEYWORD3>
			<KEYWORD3>syscacheobjects</KEYWORD3>
			<KEYWORD3>syscategories</KEYWORD3>
			<KEYWORD3>syscharsets</KEYWORD3>
			<KEYWORD3>syscolumns</KEYWORD3>
			<KEYWORD3>syscomments</KEYWORD3>
			<KEYWORD3>sysconfigures</KEYWORD3>
			<KEYWORD3>sysconstraints</KEYWORD3>
			<KEYWORD3>syscurconfigs</KEYWORD3>
			<KEYWORD3>sysdatabases</KEYWORD3>
			<KEYWORD3>sysdatabases</KEYWORD3>
			<KEYWORD3>sysdepends</KEYWORD3>
			<KEYWORD3>sysdevices</KEYWORD3>
			<KEYWORD3>sysdownloadlist</KEYWORD3>
			<KEYWORD3>sysfilegroups</KEYWORD3>
			<KEYWORD3>sysfiles</KEYWORD3>
			<KEYWORD3>sysforeignkeys</KEYWORD3>
			<KEYWORD3>sysfulltextcatalogs</KEYWORD3>
			<KEYWORD3>sysindexes</KEYWORD3>
			<KEYWORD3>sysindexkeys</KEYWORD3>
			<KEYWORD3>sysjobhistory</KEYWORD3>
			<KEYWORD3>sysjobs</KEYWORD3>
			<KEYWORD3>sysjobschedules</KEYWORD3>
			<KEYWORD3>sysjobservers</KEYWORD3>
			<KEYWORD3>sysjobsteps</KEYWORD3>
			<KEYWORD3>syslanguages</KEYWORD3>
			<KEYWORD3>syslockinfo</KEYWORD3>
			<KEYWORD3>syslogins</KEYWORD3>
			<KEYWORD3>sysmembers</KEYWORD3>
			<KEYWORD3>sysmergearticles</KEYWORD3>
			<KEYWORD3>sysmergepublications</KEYWORD3>
			<KEYWORD3>sysmergeschemachange</KEYWORD3>
			<KEYWORD3>sysmergesubscriptions</KEYWORD3>
			<KEYWORD3>sysmergesubsetfilters</KEYWORD3>
			<KEYWORD3>sysmessages</KEYWORD3>
			<KEYWORD3>sysnotifications</KEYWORD3>
			<KEYWORD3>sysobjects</KEYWORD3>
			<KEYWORD3>sysobjects</KEYWORD3>
			<KEYWORD3>sysoledbusers</KEYWORD3>
			<KEYWORD3>sysoperators</KEYWORD3>
			<KEYWORD3>sysperfinfo</KEYWORD3>
			<KEYWORD3>syspermissions</KEYWORD3>
			<KEYWORD3>sysprocesses</KEYWORD3>
			<KEYWORD3>sysprotects</KEYWORD3>
			<KEYWORD3>syspublications</KEYWORD3>
			<KEYWORD3>sysreferences</KEYWORD3>
			<KEYWORD3>sysremotelogins</KEYWORD3>
			<KEYWORD3>sysreplicationalerts</KEYWORD3>
			<KEYWORD3>sysservers</KEYWORD3>
			<KEYWORD3>sysservers</KEYWORD3>
			<KEYWORD3>syssubscriptions</KEYWORD3>
			<KEYWORD3>systargetservergroupmembers</KEYWORD3>
			<KEYWORD3>systargetservergroups</KEYWORD3>
			<KEYWORD3>systargetservers</KEYWORD3>
			<KEYWORD3>systaskids</KEYWORD3>
			<KEYWORD3>systypes</KEYWORD3>
			<KEYWORD3>sysusers</KEYWORD3>
		</KEYWORDS>
	</RULES>
</MODE>
