<?xml version="1.0" encoding="ISO-8859-1" standalone="no"?>
<TOC>
  <ENTRY HREF="index.html">
    <TITLE>jEdit Frequently Asked Questions</TITLE>
    <ENTRY HREF="intro.html">
      <TITLE>Introduction</TITLE>
    </ENTRY>
    <ENTRY HREF="general.html">
      <TITLE>General Questions</TITLE>
    </ENTRY>
    <ENTRY HREF="installation.html">
      <TITLE>Installation Questions</TITLE>
    </ENTRY>
    <ENTRY HREF="usage.html">
      <TITLE>Usage Questions</TITLE>
    </ENTRY>
    <ENTRY HREF="macros.html">
      <TITLE>Macros</TITLE>
    </ENTRY>
    <ENTRY HREF="plugins.html">
      <TITLE>Plugin Questions</TITLE>
    </ENTRY>
    <ENTRY HREF="problems.html">
      <TITLE>Problems</TITLE>
    </ENTRY>
    <ENTRY HREF="appendix.html">
      <TITLE>Contributors</TITLE>
    </ENTRY>
    <ENTRY HREF="legal-notice.html">
      <TITLE>Legal Notice</TITLE>
    </ENTRY>
  </ENTRY>
</TOC>
